Position,Goals,Headed goals,Goals with right foot,Goals with left foot,Penalties scored,Freekicks scored,Shots,Shots on target,Hit woodwork,Big chances missed,Clean sheets,Goals conceded,Tackles,Last man tackles,Blocked shots,Interceptions,Clearances,Headed Clearance,Clearances off line,Recoveries,Duels won,Duels lost,Successful 50/50s,Aerial battles won,Aerial battles lost,Own goals,Errors leading to goal,Assists,Passes,Passes per match,Big chances created,Crosses,Through balls,Accurate long balls,Saves,Penalties saved,Punches,High Claims,Catches,Sweeper clearances,Throw outs,Goal Kicks,Yellow cards,Red cards,Fouls,Offsides,Appearances
Goalkeeper,0,0.0,0.0,0.0,0.0,0.0,0.0,0.0,0.0,0.0,14.0,82.0,0.0,0.0,0.0,0.0,0.0,0.0,0.0,0.0,0.0,0.0,0.0,0.0,0.0,0.0,7.0,0,1783,27.86,0.0,0.0,0.0,234.0,222.0,1.0,34.0,26.0,17.0,28.0,375.0,489.0,2,0,0,0.0,64
Defender,7,0.0,4.0,3.0,0.0,0.0,0.0,0.0,3.0,0.0,53.0,166.0,214.0,1.0,32.0,208.0,304.0,143.0,3.0,732.0,611.0,709.0,196.0,161.0,215.0,1.0,1.0,18,7125,44.53,28.0,389.0,31.0,144.0,0.0,0.0,0.0,0.0,0.0,0.0,0.0,0.0,23,0,125,8.0,160
Defender,1,0.0,0.0,1.0,0.0,0.0,0.0,0.0,0.0,0.0,2.0,16.0,21.0,0.0,1.0,12.0,32.0,12.0,0.0,63.0,55.0,38.0,12.0,10.0,16.0,0.0,0.0,1,519,32.44,1.0,45.0,0.0,22.0,0.0,0.0,0.0,0.0,0.0,0.0,0.0,0.0,2,0,9,0.0,16
Defender,3,1.0,2.0,0.0,0.0,0.0,0.0,0.0,1.0,0.0,9.0,58.0,67.0,1.0,4.0,43.0,175.0,82.0,1.0,173.0,227.0,160.0,11.0,115.0,73.0,0.0,1.0,2,2416,54.91,4.0,1.0,2.0,172.0,0.0,0.0,0.0,0.0,0.0,0.0,0.0,0.0,18,0,56,1.0,44
Defender,0,0.0,0.0,0.0,0.0,0.0,0.0,0.0,0.0,0.0,10.0,45.0,50.0,1.0,3.0,54.0,170.0,92.0,0.0,192.0,176.0,142.0,19.0,96.0,64.0,0.0,0.0,0,2200,53.66,0.0,3.0,1.0,116.0,0.0,0.0,0.0,0.0,0.0,0.0,0.0,0.0,8,0,32,0.0,41
Defender,7,6.0,1.0,0.0,0.0,0.0,0.0,0.0,2.0,0.0,26.0,117.0,197.0,2.0,14.0,195.0,531.0,345.0,2.0,455.0,670.0,416.0,26.0,413.0,218.0,0.0,3.0,4,5907,59.67,5.0,45.0,13.0,273.0,0.0,0.0,0.0,0.0,0.0,0.0,0.0,0.0,28,0,117,7.0,99
Defender,6,1.0,4.0,1.0,0.0,0.0,0.0,0.0,1.0,0.0,28.0,170.0,257.0,1.0,22.0,247.0,537.0,301.0,1.0,735.0,703.0,619.0,93.0,301.0,240.0,1.0,1.0,3,5935,42.7,9.0,210.0,4.0,304.0,0.0,0.0,0.0,0.0,0.0,0.0,0.0,0.0,28,1,137,2.0,139
Defender,13,6.0,6.0,1.0,0.0,0.0,0.0,0.0,5.0,0.0,64.0,173.0,240.0,4.0,59.0,344.0,832.0,443.0,2.0,1042.0,846.0,680.0,80.0,344.0,256.0,1.0,4.0,7,10165,52.4,22.0,67.0,79.0,980.0,0.0,0.0,0.0,0.0,0.0,0.0,0.0,0.0,40,3,212,5.0,194
Defender,2,0.0,0.0,2.0,0.0,0.0,0.0,0.0,1.0,0.0,17.0,86.0,112.0,0.0,11.0,72.0,111.0,68.0,0.0,365.0,284.0,264.0,41.0,97.0,80.0,0.0,1.0,11,3201,41.04,18.0,123.0,3.0,67.0,0.0,0.0,0.0,0.0,0.0,0.0,0.0,0.0,12,0,74,16.0,78
Midfielder,33,4.0,4.0,25.0,0.0,1.0,205.0,92.0,7.0,26.0,0.0,0.0,161.0,0.0,58.0,75.0,37.0,13.0,0.0,778.0,625.0,744.0,248.0,28.0,83.0,0.0,2.0,54,11186,60.79,65.0,834.0,121.0,276.0,0.0,0.0,0.0,0.0,0.0,0.0,0.0,0.0,13,0,95,83.0,184
Midfielder,3,0.0,3.0,0.0,0.0,0.0,46.0,12.0,1.0,1.0,0.0,0.0,96.0,0.0,10.0,75.0,53.0,22.0,0.0,327.0,276.0,212.0,30.0,32.0,47.0,0.0,0.0,3,2493,39.57,3.0,40.0,4.0,94.0,0.0,0.0,0.0,0.0,0.0,0.0,0.0,0.0,14,1,62,0.0,63
Midfielder,1,0.0,1.0,0.0,0.0,0.0,14.0,4.0,1.0,1.0,0.0,0.0,101.0,0.0,3.0,62.0,66.0,29.0,0.0,223.0,218.0,207.0,58.0,29.0,38.0,0.0,0.0,3,1867,34.57,4.0,57.0,2.0,74.0,0.0,0.0,0.0,0.0,0.0,0.0,0.0,0.0,6,2,35,1.0,54
Midfielder,0,0.0,0.0,0.0,0.0,0.0,44.0,5.0,0.0,2.0,0.0,0.0,57.0,0.0,22.0,41.0,41.0,15.0,0.0,211.0,109.0,107.0,11.0,18.0,34.0,0.0,0.0,3,2532,53.87,2.0,30.0,4.0,83.0,0.0,0.0,0.0,0.0,0.0,0.0,0.0,0.0,7,1,24,2.0,47
Midfielder,1,0.0,1.0,0.0,0.0,0.0,18.0,5.0,0.0,2.0,0.0,0.0,30.0,0.0,4.0,6.0,10.0,4.0,0.0,64.0,75.0,76.0,21.0,9.0,18.0,0.0,0.0,1,398,12.06,1.0,9.0,3.0,15.0,0.0,0.0,0.0,0.0,0.0,0.0,0.0,0.0,2,0,13,0.0,33
Midfielder,0,0.0,0.0,0.0,0.0,0.0,27.0,9.0,1.0,1.0,0.0,0.0,75.0,0.0,11.0,59.0,58.0,29.0,0.0,284.0,263.0,217.0,47.0,31.0,40.0,0.0,1.0,1,2750,48.25,4.0,21.0,16.0,148.0,0.0,0.0,0.0,0.0,0.0,0.0,0.0,0.0,15,0,41,0.0,57
Midfielder,8,0.0,0.0,8.0,0.0,2.0,144.0,41.0,2.0,1.0,0.0,0.0,254.0,0.0,40.0,133.0,208.0,129.0,0.0,885.0,650.0,607.0,69.0,181.0,173.0,0.0,7.0,13,9739,73.78,12.0,274.0,35.0,673.0,0.0,0.0,0.0,0.0,0.0,0.0,0.0,0.0,35,2,196,2.0,132
Midfielder,1,0.0,0.0,1.0,0.0,0.0,15.0,4.0,1.0,1.0,0.0,0.0,36.0,0.0,5.0,12.0,12.0,7.0,0.0,0.0,0.0,0.0,0.0,0.0,0.0,0.0,0.0,5,716,25.57,6.0,69.0,0.0,0.0,0.0,0.0,0.0,0.0,0.0,0.0,0.0,0.0,6,0,22,13.0,28
Midfielder,0,0.0,0.0,0.0,0.0,0.0,14.0,3.0,0.0,0.0,0.0,0.0,49.0,0.0,6.0,37.0,14.0,9.0,0.0,163.0,127.0,129.0,30.0,12.0,26.0,0.0,0.0,3,1372,52.77,2.0,71.0,7.0,81.0,0.0,0.0,0.0,0.0,0.0,0.0,0.0,0.0,1,0,21,0.0,26
Forward,39,4.0,30.0,5.0,2.0,1.0,204.0,93.0,4.0,31.0,0.0,0.0,92.0,0.0,44.0,30.0,49.0,35.0,0.0,0.0,0.0,0.0,0.0,0.0,0.0,0.0,0.0,16,2045,20.66,15.0,60.0,0.0,0.0,0.0,0.0,0.0,0.0,0.0,0.0,0.0,0.0,11,0,127,62.0,99
Forward,55,3.0,44.0,8.0,7.0,1.0,222.0,105.0,8.0,39.0,0.0,0.0,58.0,0.0,52.0,25.0,38.0,12.0,0.0,0.0,0.0,0.0,0.0,0.0,0.0,0.0,0.0,13,1880,21.61,17.0,155.0,0.0,0.0,0.0,0.0,0.0,0.0,0.0,0.0,0.0,0.0,4,1,30,55.0,87
Forward,5,0.0,0.0,5.0,1.0,0.0,51.0,18.0,3.0,2.0,0.0,0.0,32.0,0.0,14.0,8.0,4.0,2.0,0.0,0.0,0.0,0.0,0.0,0.0,0.0,0.0,0.0,6,723,21.91,8.0,113.0,0.0,0.0,0.0,0.0,0.0,0.0,0.0,0.0,0.0,0.0,4,0,14,4.0,33
Forward,1,0.0,1.0,0.0,0.0,0.0,13.0,4.0,0.0,0.0,0.0,0.0,15.0,0.0,5.0,6.0,2.0,0.0,0.0,0.0,0.0,0.0,0.0,0.0,0.0,0.0,0.0,0,286,14.3,0.0,25.0,0.0,0.0,0.0,0.0,0.0,0.0,0.0,0.0,0.0,0.0,1,0,8,4.0,20
Forward,4,0.0,2.0,2.0,0.0,0.0,20.0,8.0,4.0,3.0,0.0,0.0,9.0,0.0,4.0,2.0,6.0,2.0,0.0,0.0,0.0,0.0,0.0,0.0,0.0,0.0,0.0,0,172,7.48,1.0,1.0,0.0,0.0,0.0,0.0,0.0,0.0,0.0,0.0,0.0,0.0,0,1,18,5.0,23
Forward,3,0.0,3.0,0.0,0.0,0.0,12.0,5.0,0.0,1.0,0.0,0.0,20.0,0.0,2.0,3.0,5.0,4.0,0.0,34.0,46.0,92.0,9.0,8.0,37.0,0.0,0.0,0,116,8.29,0.0,22.0,1.0,2.0,0.0,0.0,0.0,0.0,0.0,0.0,0.0,0.0,1,0,9,2.0,14
Forward,37,1.0,33.0,3.0,5.0,4.0,393.0,145.0,15.0,20.0,0.0,0.0,246.0,0.0,111.0,100.0,54.0,24.0,0.0,0.0,0.0,0.0,0.0,0.0,0.0,0.0,0.0,35,8290,35.13,51.0,1009.0,0.0,0.0,0.0,0.0,0.0,0.0,0.0,0.0,0.0,0.0,21,1,131,33.0,236
Goalkeeper,0,0.0,0.0,0.0,0.0,0.0,0.0,0.0,0.0,0.0,28.0,167.0,0.0,0.0,0.0,0.0,0.0,0.0,0.0,0.0,0.0,0.0,0.0,0.0,0.0,2.0,3.0,0,3290,28.36,0.0,0.0,0.0,1067.0,408.0,3.0,40.0,96.0,73.0,53.0,436.0,1023.0,5,0,2,0.0,116
Goalkeeper,0,0.0,0.0,0.0,0.0,0.0,0.0,0.0,0.0,0.0,1.0,12.0,0.0,0.0,0.0,0.0,0.0,0.0,0.0,0.0,0.0,0.0,0.0,0.0,0.0,0.0,0.0,0,152,21.71,0.0,0.0,0.0,35.0,15.0,0.0,1.0,3.0,2.0,0.0,29.0,53.0,0,0,0,0.0,7
Goalkeeper,0,0.0,0.0,0.0,0.0,0.0,0.0,0.0,0.0,0.0,7.0,16.0,0.0,0.0,0.0,0.0,0.0,0.0,0.0,0.0,0.0,0.0,0.0,0.0,0.0,0.0,0.0,0,397,24.81,0.0,0.0,0.0,62.0,44.0,1.0,2.0,22.0,6.0,4.0,86.0,103.0,2,0,1,0.0,16
Defender,0,0.0,0.0,0.0,0.0,0.0,0.0,0.0,0.0,0.0,38.0,190.0,266.0,1.0,14.0,241.0,350.0,133.0,1.0,614.0,493.0,454.0,46.0,94.0,142.0,1.0,0.0,5,5491,37.87,6.0,255.0,5.0,214.0,0.0,0.0,0.0,0.0,0.0,0.0,0.0,0.0,21,0,121,3.0,145
Defender,2,1.0,1.0,0.0,0.0,0.0,0.0,0.0,0.0,0.0,5.0,39.0,19.0,0.0,3.0,27.0,70.0,26.0,0.0,106.0,116.0,81.0,7.0,56.0,48.0,0.0,1.0,2,810,31.15,2.0,13.0,0.0,36.0,0.0,0.0,0.0,0.0,0.0,0.0,0.0,0.0,3,0,17,1.0,26
Defender,2,1.0,0.0,1.0,0.0,0.0,0.0,0.0,1.0,0.0,12.0,88.0,122.0,0.0,8.0,124.0,156.0,61.0,1.0,297.0,274.0,239.0,21.0,84.0,84.0,0.0,1.0,6,2240,31.11,13.0,250.0,8.0,140.0,0.0,0.0,0.0,0.0,0.0,0.0,0.0,0.0,8,0,41,2.0,72
Defender,1,1.0,0.0,0.0,0.0,0.0,0.0,0.0,0.0,0.0,2.0,32.0,11.0,0.0,0.0,28.0,85.0,42.0,0.0,53.0,71.0,39.0,1.0,55.0,27.0,0.0,1.0,0,647,38.06,0.0,2.0,0.0,49.0,0.0,0.0,0.0,0.0,0.0,0.0,0.0,0.0,1,0,5,1.0,17
Defender,0,0.0,0.0,0.0,0.0,0.0,0.0,0.0,0.0,0.0,2.0,36.0,74.0,0.0,2.0,49.0,62.0,26.0,0.0,104.0,164.0,172.0,23.0,48.0,68.0,0.0,0.0,2,749,29.96,1.0,91.0,0.0,40.0,0.0,0.0,0.0,0.0,0.0,0.0,0.0,0.0,7,0,36,2.0,25
Defender,6,4.0,2.0,0.0,0.0,0.0,0.0,0.0,4.0,0.0,28.0,237.0,267.0,0.0,19.0,246.0,342.0,162.0,5.0,909.0,960.0,866.0,128.0,444.0,410.0,1.0,1.0,13,6628,36.22,19.0,916.0,7.0,304.0,0.0,0.0,0.0,0.0,0.0,0.0,0.0,0.0,12,1,152,13.0,183
Defender,1,0.0,1.0,0.0,0.0,0.0,20.0,3.0,0.0,3.0,0.0,0.0,21.0,0.0,2.0,20.0,94.0,51.0,0.0,109.0,138.0,77.0,9.0,100.0,35.0,0.0,1.0,0,799,44.39,1.0,0.0,1.0,62.0,0.0,0.0,0.0,0.0,0.0,0.0,0.0,0.0,3,0,24,1.0,18
Defender,2,0.0,0.0,2.0,0.0,0.0,0.0,0.0,0.0,0.0,7.0,78.0,30.0,1.0,1.0,49.0,253.0,111.0,3.0,270.0,162.0,113.0,18.0,96.0,69.0,2.0,2.0,3,1961,38.45,2.0,10.0,0.0,155.0,0.0,0.0,0.0,0.0,0.0,0.0,0.0,0.0,8,0,30,2.0,51
Midfielder,3,0.0,2.0,1.0,0.0,0.0,41.0,13.0,0.0,2.0,0.0,0.0,46.0,0.0,17.0,36.0,47.0,18.0,0.0,211.0,150.0,163.0,36.0,31.0,36.0,0.0,1.0,2,1300,35.14,3.0,25.0,4.0,100.0,0.0,0.0,0.0,0.0,0.0,0.0,0.0,0.0,8,0,51,0.0,37
Midfielder,3,0.0,0.0,3.0,0.0,0.0,57.0,20.0,2.0,4.0,0.0,0.0,53.0,0.0,12.0,26.0,15.0,6.0,0.0,157.0,193.0,185.0,53.0,19.0,35.0,0.0,0.0,3,759,26.17,3.0,67.0,3.0,85.0,0.0,0.0,0.0,0.0,0.0,0.0,0.0,0.0,4,0,38,0.0,29
Midfielder,0,0.0,0.0,0.0,0.0,0.0,3.0,0.0,0.0,0.0,0.0,0.0,7.0,0.0,1.0,1.0,2.0,0.0,0.0,14.0,10.0,16.0,0.0,2.0,6.0,0.0,0.0,0,115,8.85,0.0,2.0,0.0,11.0,0.0,0.0,0.0,0.0,0.0,0.0,0.0,0.0,1,0,5,1.0,13
Midfielder,9,0.0,6.0,3.0,0.0,0.0,105.0,32.0,2.0,6.0,0.0,0.0,45.0,0.0,33.0,44.0,17.0,6.0,0.0,293.0,419.0,293.0,122.0,29.0,42.0,0.0,1.0,7,2098,29.55,12.0,202.0,2.0,103.0,0.0,0.0,0.0,0.0,0.0,0.0,0.0,0.0,9,0,47,6.0,71
Midfielder,0,0.0,0.0,0.0,0.0,0.0,7.0,1.0,0.0,0.0,0.0,0.0,55.0,0.0,0.0,39.0,32.0,7.0,0.0,155.0,115.0,110.0,14.0,23.0,29.0,0.0,1.0,0,782,26.97,0.0,4.0,0.0,24.0,0.0,0.0,0.0,0.0,0.0,0.0,0.0,0.0,5,0,26,0.0,29
Midfielder,3,0.0,0.0,3.0,0.0,1.0,30.0,10.0,1.0,1.0,0.0,0.0,16.0,0.0,13.0,9.0,27.0,10.0,0.0,73.0,54.0,50.0,4.0,14.0,9.0,0.0,0.0,5,665,23.75,8.0,124.0,1.0,22.0,0.0,0.0,0.0,0.0,0.0,0.0,0.0,0.0,4,0,15,4.0,28
Midfielder,6,0.0,5.0,1.0,0.0,0.0,52.0,17.0,2.0,3.0,0.0,0.0,40.0,0.0,22.0,27.0,14.0,9.0,0.0,80.0,134.0,175.0,30.0,32.0,48.0,0.0,0.0,1,388,11.09,0.0,73.0,0.0,10.0,0.0,0.0,0.0,0.0,0.0,0.0,0.0,0.0,2,1,39,6.0,35
Midfielder,4,0.0,4.0,0.0,1.0,0.0,52.0,20.0,2.0,7.0,0.0,0.0,20.0,0.0,11.0,13.0,12.0,6.0,0.0,75.0,97.0,151.0,29.0,31.0,57.0,0.0,0.0,4,479,14.09,4.0,107.0,1.0,15.0,0.0,0.0,0.0,0.0,0.0,0.0,0.0,0.0,3,0,20,12.0,34
Midfielder,0,0.0,0.0,0.0,0.0,0.0,6.0,1.0,0.0,0.0,0.0,0.0,3.0,0.0,4.0,3.0,5.0,1.0,0.0,26.0,13.0,25.0,7.0,1.0,2.0,0.0,0.0,1,93,9.3,1.0,2.0,2.0,6.0,0.0,0.0,0.0,0.0,0.0,0.0,0.0,0.0,0,0,6,0.0,10
Forward,5,0.0,5.0,0.0,0.0,0.0,35.0,18.0,1.0,5.0,0.0,0.0,15.0,0.0,8.0,4.0,23.0,18.0,0.0,0.0,0.0,0.0,0.0,0.0,0.0,0.0,0.0,1,367,17.48,1.0,7.0,0.0,0.0,0.0,0.0,0.0,0.0,0.0,0.0,0.0,0.0,3,0,43,14.0,21
Forward,0,0.0,0.0,0.0,0.0,0.0,17.0,5.0,0.0,3.0,0.0,0.0,1.0,0.0,2.0,0.0,4.0,3.0,0.0,0.0,0.0,0.0,0.0,0.0,0.0,0.0,0.0,0,149,7.84,0.0,3.0,0.0,0.0,0.0,0.0,0.0,0.0,0.0,0.0,0.0,0.0,0,0,12,3.0,19
Forward,2,0.0,0.0,2.0,0.0,0.0,17.0,6.0,0.0,0.0,0.0,0.0,9.0,0.0,7.0,2.0,3.0,1.0,0.0,0.0,0.0,0.0,0.0,0.0,0.0,0.0,0.0,1,136,13.6,1.0,3.0,0.0,0.0,0.0,0.0,0.0,0.0,0.0,0.0,0.0,0.0,0,0,3,5.0,10
Goalkeeper,0,0.0,0.0,0.0,0.0,0.0,0.0,0.0,0.0,0.0,26.0,166.0,0.0,0.0,0.0,0.0,0.0,0.0,0.0,0.0,0.0,0.0,0.0,0.0,0.0,0.0,2.0,0,3272,29.21,0.0,0.0,0.0,964.0,340.0,2.0,32.0,68.0,17.0,15.0,491.0,956.0,2,0,2,0.0,112
Defender,0,0.0,0.0,0.0,0.0,0.0,0.0,0.0,0.0,0.0,1.0,11.0,12.0,0.0,2.0,23.0,16.0,8.0,0.0,41.0,57.0,51.0,17.0,5.0,10.0,0.0,0.0,2,243,22.09,4.0,27.0,0.0,3.0,0.0,0.0,0.0,0.0,0.0,0.0,0.0,0.0,3,0,16,0.0,11
Defender,6,3.0,3.0,0.0,0.0,0.0,0.0,0.0,1.0,0.0,27.0,162.0,151.0,4.0,16.0,173.0,547.0,304.0,4.0,725.0,560.0,362.0,15.0,345.0,192.0,4.0,2.0,5,5364,47.89,3.0,10.0,6.0,506.0,0.0,0.0,0.0,0.0,0.0,0.0,0.0,0.0,21,1,80,1.0,112
Defender,3,2.0,1.0,0.0,0.0,0.0,0.0,0.0,0.0,0.0,6.0,47.0,33.0,0.0,3.0,48.0,112.0,55.0,0.0,184.0,179.0,108.0,14.0,114.0,68.0,1.0,1.0,1,2001,60.64,2.0,6.0,1.0,120.0,0.0,0.0,0.0,0.0,0.0,0.0,0.0,0.0,4,0,14,0.0,33
Defender,0,0.0,0.0,0.0,0.0,0.0,0.0,0.0,0.0,0.0,2.0,46.0,89.0,0.0,5.0,40.0,86.0,49.0,1.0,169.0,212.0,109.0,22.0,75.0,38.0,0.0,0.0,1,1115,30.97,3.0,48.0,0.0,35.0,0.0,0.0,0.0,0.0,0.0,0.0,0.0,0.0,5,0,20,6.0,36
Defender,0,0.0,0.0,0.0,0.0,0.0,0.0,0.0,1.0,0.0,9.0,60.0,73.0,0.0,5.0,51.0,203.0,129.0,1.0,175.0,270.0,191.0,19.0,165.0,68.0,0.0,0.0,0,1792,40.73,2.0,51.0,3.0,62.0,0.0,0.0,0.0,0.0,0.0,0.0,0.0,0.0,5,0,38,3.0,44
Midfielder,1,0.0,0.0,1.0,0.0,0.0,49.0,5.0,1.0,0.0,0.0,0.0,261.0,0.0,16.0,167.0,152.0,90.0,0.0,724.0,402.0,445.0,35.0,73.0,75.0,0.0,0.0,5,4785,48.33,4.0,6.0,7.0,381.0,0.0,0.0,0.0,0.0,0.0,0.0,0.0,0.0,20,1,136,0.0,99
Midfielder,1,0.0,1.0,0.0,0.0,0.0,51.0,10.0,1.0,2.0,0.0,0.0,115.0,0.0,11.0,57.0,48.0,23.0,0.0,239.0,285.0,261.0,79.0,48.0,49.0,0.0,1.0,0,1441,27.71,1.0,14.0,6.0,74.0,0.0,0.0,0.0,0.0,0.0,0.0,0.0,0.0,9,1,74,2.0,52
Midfielder,0,0.0,0.0,0.0,0.0,0.0,7.0,1.0,0.0,1.0,0.0,0.0,9.0,0.0,3.0,1.0,1.0,0.0,0.0,15.0,17.0,22.0,2.0,3.0,5.0,0.0,0.0,0,98,10.89,0.0,23.0,0.0,2.0,0.0,0.0,0.0,0.0,0.0,0.0,0.0,0.0,0,0,4,1.0,9
Midfielder,12,2.0,9.0,1.0,2.0,1.0,97.0,38.0,1.0,3.0,0.0,0.0,101.0,0.0,29.0,37.0,48.0,15.0,0.0,313.0,216.0,387.0,21.0,49.0,123.0,0.0,0.0,15,2937,31.58,35.0,522.0,17.0,166.0,0.0,0.0,0.0,0.0,0.0,0.0,0.0,0.0,7,0,67,22.0,93
Midfielder,30,1.0,12.0,15.0,0.0,0.0,274.0,96.0,8.0,24.0,0.0,0.0,322.0,0.0,91.0,166.0,126.0,49.0,0.0,839.0,886.0,1078.0,209.0,120.0,249.0,0.0,0.0,28,6407,32.36,25.0,489.0,47.0,146.0,0.0,0.0,0.0,0.0,0.0,0.0,0.0,0.0,17,0,142,57.0,198
Midfielder,2,1.0,0.0,1.0,0.0,0.0,93.0,26.0,2.0,4.0,0.0,0.0,140.0,0.0,31.0,62.0,66.0,24.0,0.0,345.0,372.0,456.0,116.0,52.0,124.0,0.0,0.0,7,1971,21.42,13.0,329.0,3.0,100.0,0.0,0.0,0.0,0.0,0.0,0.0,0.0,0.0,6,0,70,15.0,92
Midfielder,2,1.0,1.0,0.0,0.0,0.0,80.0,15.0,2.0,6.0,0.0,0.0,187.0,0.0,22.0,151.0,134.0,54.0,0.0,673.0,456.0,472.0,112.0,112.0,89.0,0.0,2.0,7,4384,43.84,7.0,67.0,7.0,258.0,0.0,0.0,0.0,0.0,0.0,0.0,0.0,0.0,8,1,105,3.0,100
Midfielder,0,0.0,0.0,0.0,0.0,0.0,15.0,4.0,0.0,1.0,0.0,0.0,34.0,0.0,7.0,15.0,13.0,11.0,0.0,0.0,0.0,0.0,0.0,0.0,0.0,0.0,0.0,0,681,32.43,0.0,8.0,0.0,0.0,0.0,0.0,0.0,0.0,0.0,0.0,0.0,0.0,1,0,21,3.0,21
Forward,6,0.0,3.0,3.0,0.0,0.0,45.0,14.0,3.0,8.0,0.0,0.0,23.0,0.0,8.0,11.0,6.0,2.0,0.0,0.0,0.0,0.0,0.0,0.0,0.0,0.0,0.0,4,772,23.39,7.0,83.0,0.0,0.0,0.0,0.0,0.0,0.0,0.0,0.0,0.0,0.0,0,0,17,4.0,33
Forward,12,3.0,3.0,6.0,2.0,0.0,101.0,41.0,1.0,11.0,0.0,0.0,21.0,0.0,31.0,5.0,9.0,3.0,0.0,0.0,0.0,0.0,0.0,0.0,0.0,0.0,0.0,4,710,18.21,3.0,13.0,0.0,0.0,0.0,0.0,0.0,0.0,0.0,0.0,0.0,0.0,3,0,38,15.0,39
Forward,2,0.0,2.0,0.0,0.0,0.0,34.0,8.0,2.0,0.0,0.0,0.0,41.0,0.0,10.0,14.0,3.0,0.0,0.0,0.0,0.0,0.0,0.0,0.0,0.0,0.0,0.0,0,401,12.94,2.0,48.0,0.0,0.0,0.0,0.0,0.0,0.0,0.0,0.0,0.0,0.0,2,0,21,7.0,31
Forward,5,0.0,5.0,0.0,0.0,0.0,67.0,19.0,0.0,3.0,0.0,0.0,38.0,0.0,19.0,21.0,32.0,11.0,0.0,0.0,0.0,0.0,0.0,0.0,0.0,0.0,0.0,4,728,15.49,4.0,29.0,0.0,0.0,0.0,0.0,0.0,0.0,0.0,0.0,0.0,0.0,3,0,26,18.0,47
Forward,4,0.0,4.0,0.0,0.0,0.0,43.0,16.0,0.0,5.0,0.0,0.0,8.0,0.0,14.0,0.0,3.0,2.0,0.0,0.0,0.0,0.0,0.0,0.0,0.0,0.0,0.0,1,161,6.19,1.0,9.0,0.0,0.0,0.0,0.0,0.0,0.0,0.0,0.0,0.0,0.0,0,0,17,16.0,26
Forward,4,2.0,2.0,0.0,0.0,0.0,20.0,9.0,0.0,3.0,0.0,0.0,11.0,0.0,6.0,3.0,13.0,6.0,0.0,0.0,0.0,0.0,0.0,0.0,0.0,0.0,0.0,0,177,6.81,0.0,5.0,0.0,0.0,0.0,0.0,0.0,0.0,0.0,0.0,0.0,0.0,5,1,30,4.0,26
Goalkeeper,0,0.0,0.0,0.0,0.0,0.0,0.0,0.0,0.0,0.0,26.0,89.0,0.0,0.0,0.0,0.0,0.0,0.0,0.0,0.0,0.0,0.0,0.0,0.0,0.0,0.0,2.0,0,2124,28.7,0.0,0.0,0.0,647.0,237.0,2.0,29.0,100.0,18.0,45.0,300.0,605.0,4,0,1,0.0,74
Defender,2,0.0,1.0,1.0,0.0,0.0,0.0,0.0,0.0,0.0,36.0,266.0,415.0,1.0,6.0,317.0,697.0,296.0,6.0,732.0,796.0,601.0,95.0,198.0,147.0,0.0,2.0,12,5463,31.76,18.0,428.0,19.0,466.0,0.0,0.0,0.0,0.0,0.0,0.0,0.0,0.0,35,0,144,1.0,172
Defender,0,0.0,0.0,0.0,0.0,0.0,0.0,0.0,0.0,0.0,19.0,98.0,111.0,2.0,1.0,86.0,186.0,105.0,2.0,377.0,411.0,285.0,68.0,144.0,104.0,0.0,1.0,2,2249,30.39,3.0,238.0,0.0,134.0,0.0,0.0,0.0,0.0,0.0,0.0,0.0,0.0,8,0,39,3.0,74
Defender,5,1.0,1.0,2.0,0.0,0.0,0.0,0.0,1.0,0.0,34.0,154.0,202.0,1.0,13.0,166.0,691.0,412.0,3.0,472.0,861.0,442.0,34.0,540.0,233.0,0.0,1.0,3,3839,31.21,7.0,15.0,0.0,355.0,0.0,0.0,0.0,0.0,0.0,0.0,0.0,0.0,24,0,119,12.0,123
Defender,4,3.0,1.0,0.0,0.0,0.0,0.0,0.0,4.0,0.0,47.0,233.0,240.0,5.0,13.0,260.0,1082.0,652.0,9.0,911.0,986.0,624.0,35.0,609.0,399.0,4.0,5.0,4,6088,36.67,7.0,70.0,1.0,634.0,0.0,0.0,0.0,0.0,0.0,0.0,0.0,0.0,36,0,118,6.0,166
Defender,1,0.0,0.0,1.0,0.0,0.0,0.0,0.0,0.0,0.0,44.0,259.0,538.0,2.0,11.0,354.0,620.0,312.0,2.0,899.0,1142.0,892.0,63.0,324.0,230.0,1.0,4.0,11,6880,35.46,17.0,455.0,5.0,308.0,0.0,0.0,0.0,0.0,0.0,0.0,0.0,0.0,34,0,300,5.0,194
Defender,7,0.0,6.0,1.0,0.0,0.0,0.0,0.0,2.0,0.0,67.0,362.0,728.0,8.0,56.0,423.0,1081.0,382.0,10.0,1154.0,1395.0,990.0,104.0,302.0,284.0,4.0,3.0,5,9247,30.82,17.0,660.0,19.0,584.0,0.0,0.0,0.0,0.0,0.0,0.0,0.0,0.0,78,2,327,5.0,300
Defender,1,1.0,0.0,0.0,0.0,0.0,0.0,0.0,1.0,0.0,7.0,46.0,63.0,0.0,6.0,34.0,214.0,119.0,0.0,130.0,236.0,160.0,3.0,139.0,105.0,1.0,1.0,3,1038,29.66,4.0,2.0,0.0,104.0,0.0,0.0,0.0,0.0,0.0,0.0,0.0,0.0,1,0,28,1.0,35
Midfielder,8,3.0,3.0,2.0,0.0,0.0,137.0,42.0,2.0,6.0,0.0,0.0,466.0,0.0,43.0,400.0,477.0,207.0,0.0,1565.0,1312.0,1335.0,184.0,393.0,479.0,0.0,1.0,9,11059,41.89,11.0,151.0,34.0,591.0,0.0,0.0,0.0,0.0,0.0,0.0,0.0,0.0,32,0,211,13.0,264
Midfielder,7,2.0,0.0,5.0,0.0,0.0,114.0,37.0,8.0,1.0,0.0,0.0,93.0,0.0,32.0,91.0,90.0,33.0,0.0,386.0,313.0,369.0,63.0,93.0,115.0,0.0,0.0,17,1750,18.23,12.0,439.0,3.0,82.0,0.0,0.0,0.0,0.0,0.0,0.0,0.0,0.0,5,0,41,6.0,96
Midfielder,0,0.0,0.0,0.0,0.0,0.0,8.0,0.0,0.0,1.0,0.0,0.0,15.0,0.0,3.0,19.0,17.0,8.0,0.0,52.0,52.0,42.0,8.0,21.0,20.0,0.0,0.0,0,368,33.45,0.0,3.0,0.0,10.0,0.0,0.0,0.0,0.0,0.0,0.0,0.0,0.0,2,0,8,0.0,11
Midfielder,5,0.0,0.0,5.0,0.0,0.0,75.0,20.0,3.0,2.0,0.0,0.0,83.0,0.0,25.0,43.0,59.0,25.0,0.0,0.0,0.0,0.0,0.0,0.0,0.0,0.0,0.0,12,1509,24.74,17.0,377.0,0.0,0.0,0.0,0.0,0.0,0.0,0.0,0.0,0.0,0.0,7,0,45,1.0,61
Midfielder,9,0.0,2.0,7.0,2.0,1.0,155.0,42.0,7.0,1.0,0.0,0.0,241.0,0.0,54.0,136.0,214.0,97.0,0.0,578.0,596.0,572.0,129.0,136.0,111.0,0.0,2.0,12,3280,23.1,23.0,724.0,12.0,195.0,0.0,0.0,0.0,0.0,0.0,0.0,0.0,0.0,15,1,117,13.0,142
Midfielder,9,0.0,9.0,0.0,0.0,1.0,137.0,34.0,1.0,5.0,0.0,0.0,336.0,0.0,48.0,321.0,241.0,62.0,0.0,1309.0,586.0,616.0,36.0,94.0,124.0,0.0,1.0,25,9880,44.5,39.0,657.0,22.0,790.0,0.0,0.0,0.0,0.0,0.0,0.0,0.0,0.0,38,0,195,2.0,222
Forward,36,14.0,14.0,8.0,1.0,0.0,172.0,81.0,7.0,36.0,0.0,0.0,28.0,0.0,22.0,7.0,62.0,44.0,0.0,0.0,0.0,0.0,0.0,0.0,0.0,0.0,0.0,4,1535,14.62,8.0,25.0,0.0,0.0,0.0,0.0,0.0,0.0,0.0,0.0,0.0,0.0,4,0,84,117.0,105
Forward,38,5.0,29.0,4.0,5.0,0.0,276.0,104.0,6.0,28.0,0.0,0.0,103.0,0.0,53.0,33.0,111.0,72.0,0.0,0.0,0.0,0.0,0.0,0.0,0.0,0.0,0.0,6,2475,15.97,11.0,62.0,0.0,0.0,0.0,0.0,0.0,0.0,0.0,0.0,0.0,0.0,32,2,269,92.0,155
Forward,41,8.0,25.0,7.0,2.0,0.0,378.0,140.0,10.0,35.0,0.0,0.0,154.0,0.0,87.0,82.0,113.0,78.0,0.0,0.0,0.0,0.0,0.0,0.0,0.0,0.0,0.0,12,2835,15.93,14.0,134.0,0.0,0.0,0.0,0.0,0.0,0.0,0.0,0.0,0.0,0.0,11,0,156,99.0,178
Forward,6,0.0,5.0,1.0,0.0,0.0,37.0,20.0,1.0,10.0,0.0,0.0,10.0,0.0,5.0,5.0,13.0,7.0,0.0,0.0,0.0,0.0,0.0,0.0,0.0,0.0,0.0,5,359,6.3,4.0,11.0,0.0,0.0,0.0,0.0,0.0,0.0,0.0,0.0,0.0,0.0,1,0,9,10.0,57
Goalkeeper,0,0.0,0.0,0.0,0.0,0.0,0.0,0.0,0.0,0.0,22.0,89.0,0.0,0.0,0.0,0.0,0.0,0.0,0.0,0.0,0.0,0.0,0.0,0.0,0.0,0.0,2.0,0,2006,28.25,0.0,0.0,0.0,334.0,142.0,1.0,16.0,33.0,9.0,22.0,320.0,473.0,2,0,0,0.0,71
Goalkeeper,0,0.0,0.0,0.0,0.0,0.0,0.0,0.0,0.0,0.0,11.0,33.0,0.0,0.0,0.0,0.0,0.0,0.0,0.0,0.0,0.0,0.0,0.0,0.0,0.0,0.0,2.0,0,798,24.18,0.0,0.0,0.0,166.0,72.0,1.0,15.0,20.0,5.0,16.0,132.0,166.0,0,0,0,0.0,33
Defender,5,5.0,0.0,0.0,0.0,0.0,0.0,0.0,1.0,0.0,28.0,81.0,93.0,0.0,15.0,72.0,252.0,139.0,2.0,522.0,341.0,289.0,15.0,199.0,153.0,1.0,1.0,1,5738,71.72,5.0,18.0,14.0,364.0,0.0,0.0,0.0,0.0,0.0,0.0,0.0,0.0,14,0,73,3.0,80
Defender,20,4.0,2.0,14.0,0.0,0.0,0.0,0.0,11.0,0.0,52.0,132.0,288.0,0.0,63.0,215.0,369.0,184.0,1.0,831.0,800.0,639.0,90.0,286.0,213.0,0.0,1.0,12,6434,45.96,17.0,428.0,8.0,214.0,0.0,0.0,0.0,0.0,0.0,0.0,0.0,0.0,25,1,125,16.0,140
Defender,0,0.0,0.0,0.0,0.0,0.0,0.0,0.0,2.0,0.0,12.0,64.0,76.0,0.0,3.0,74.0,193.0,107.0,1.0,300.0,254.0,143.0,10.0,145.0,97.0,0.0,1.0,0,3213,54.46,2.0,0.0,3.0,131.0,0.0,0.0,0.0,0.0,0.0,0.0,0.0,0.0,6,1,35,1.0,59
Defender,5,4.0,1.0,0.0,0.0,0.0,0.0,0.0,2.0,0.0,35.0,164.0,160.0,5.0,13.0,225.0,653.0,352.0,1.0,574.0,681.0,328.0,50.0,413.0,163.0,1.0,2.0,4,5767,40.33,2.0,20.0,0.0,396.0,0.0,0.0,0.0,0.0,0.0,0.0,0.0,0.0,10,1,87,6.0,143
Defender,1,0.0,1.0,0.0,0.0,0.0,0.0,0.0,1.0,0.0,4.0,26.0,43.0,0.0,6.0,26.0,27.0,13.0,0.0,108.0,137.0,121.0,31.0,42.0,44.0,0.0,0.0,3,1104,42.46,6.0,120.0,0.0,45.0,0.0,0.0,0.0,0.0,0.0,0.0,0.0,0.0,1,0,24,1.0,26
Defender,8,2.0,6.0,0.0,0.0,0.0,0.0,0.0,1.0,0.0,95.0,276.0,722.0,2.0,29.0,475.0,788.0,416.0,5.0,1376.0,1400.0,977.0,69.0,475.0,375.0,3.0,0.0,31,15647,57.53,32.0,577.0,25.0,633.0,0.0,0.0,0.0,0.0,0.0,0.0,0.0,0.0,23,1,240,10.0,272
Defender,1,0.0,1.0,0.0,0.0,0.0,0.0,0.0,0.0,0.0,4.0,21.0,32.0,1.0,1.0,24.0,53.0,26.0,0.0,102.0,81.0,49.0,9.0,34.0,29.0,0.0,0.0,0,1193,70.18,0.0,4.0,3.0,43.0,0.0,0.0,0.0,0.0,0.0,0.0,0.0,0.0,3,0,8,1.0,17
Defender,0,0.0,0.0,0.0,0.0,0.0,0.0,0.0,1.0,0.0,4.0,36.0,43.0,0.0,6.0,28.0,31.0,17.0,0.0,104.0,122.0,74.0,27.0,25.0,21.0,0.0,0.0,1,1285,42.83,3.0,97.0,2.0,32.0,0.0,0.0,0.0,0.0,0.0,0.0,0.0,0.0,3,0,15,2.0,30
Defender,4,0.0,1.0,3.0,0.0,0.0,0.0,0.0,1.0,0.0,24.0,117.0,157.0,1.0,10.0,117.0,261.0,148.0,1.0,529.0,637.0,542.0,111.0,261.0,189.0,0.0,1.0,9,4540,45.86,12.0,337.0,8.0,137.0,0.0,0.0,0.0,0.0,0.0,0.0,0.0,0.0,10,1,81,8.0,99
Midfielder,7,0.0,7.0,0.0,5.0,0.0,33.0,13.0,0.0,1.0,0.0,0.0,147.0,0.0,9.0,130.0,64.0,29.0,0.0,533.0,256.0,306.0,28.0,29.0,60.0,0.0,0.0,3,5482,78.31,12.0,12.0,50.0,231.0,0.0,0.0,0.0,0.0,0.0,0.0,0.0,0.0,18,0,63,0.0,70
Midfielder,10,0.0,6.0,4.0,0.0,0.0,120.0,29.0,0.0,7.0,0.0,0.0,540.0,0.0,46.0,420.0,184.0,77.0,0.0,1320.0,922.0,920.0,190.0,123.0,204.0,0.0,2.0,10,8952,53.93,15.0,86.0,28.0,364.0,0.0,0.0,0.0,0.0,0.0,0.0,0.0,0.0,22,0,218,7.0,166
Midfielder,25,2.0,16.0,7.0,2.0,2.0,411.0,119.0,10.0,25.0,0.0,0.0,172.0,0.0,145.0,76.0,108.0,85.0,0.0,755.0,973.0,1048.0,376.0,170.0,168.0,0.0,2.0,27,7686,38.05,32.0,322.0,59.0,469.0,0.0,0.0,0.0,0.0,0.0,0.0,0.0,0.0,18,0,155,19.0,202
Midfielder,9,2.0,6.0,1.0,0.0,0.0,78.0,19.0,1.0,6.0,0.0,0.0,54.0,0.0,27.0,44.0,41.0,27.0,0.0,266.0,355.0,337.0,131.0,65.0,93.0,0.0,0.0,6,1854,23.77,7.0,16.0,6.0,50.0,0.0,0.0,0.0,0.0,0.0,0.0,0.0,0.0,1,0,39,6.0,78
Midfielder,1,0.0,1.0,0.0,0.0,0.0,49.0,9.0,1.0,2.0,0.0,0.0,108.0,0.0,24.0,30.0,34.0,17.0,0.0,300.0,320.0,222.0,120.0,19.0,27.0,0.0,0.0,5,3398,53.09,4.0,16.0,19.0,128.0,0.0,0.0,0.0,0.0,0.0,0.0,0.0,0.0,11,0,40,0.0,64
Midfielder,7,0.0,7.0,0.0,0.0,1.0,80.0,29.0,3.0,9.0,0.0,0.0,43.0,0.0,28.0,18.0,19.0,7.0,0.0,151.0,136.0,211.0,44.0,10.0,48.0,0.0,0.0,5,1312,33.64,8.0,138.0,3.0,28.0,0.0,0.0,0.0,0.0,0.0,0.0,0.0,0.0,3,0,40,4.0,39
Midfielder,9,2.0,4.0,3.0,0.0,0.0,63.0,26.0,1.0,8.0,0.0,0.0,23.0,0.0,15.0,6.0,7.0,4.0,0.0,79.0,128.0,190.0,55.0,20.0,45.0,0.0,0.0,4,668,26.72,6.0,35.0,4.0,19.0,0.0,0.0,0.0,0.0,0.0,0.0,0.0,0.0,0,0,14,3.0,25
Midfielder,0,0.0,0.0,0.0,0.0,0.0,1.0,0.0,0.0,0.0,0.0,0.0,5.0,0.0,0.0,3.0,2.0,1.0,0.0,15.0,10.0,16.0,2.0,2.0,5.0,0.0,0.0,0,172,28.67,0.0,1.0,0.0,9.0,0.0,0.0,0.0,0.0,0.0,0.0,0.0,0.0,0,0,3,0.0,6
Forward,20,3.0,16.0,0.0,0.0,0.0,133.0,56.0,3.0,26.0,0.0,0.0,18.0,0.0,26.0,8.0,39.0,32.0,0.0,0.0,0.0,0.0,0.0,0.0,0.0,0.0,0.0,4,721,10.6,6.0,26.0,0.0,0.0,0.0,0.0,0.0,0.0,0.0,0.0,0.0,0.0,2,0,35,35.0,68
Forward,86,31.0,8.0,47.0,2.0,0.0,548.0,212.0,19.0,82.0,0.0,0.0,145.0,0.0,104.0,64.0,178.0,116.0,0.0,0.0,0.0,0.0,0.0,0.0,0.0,0.0,0.0,28,4718,19.82,40.0,90.0,0.0,0.0,0.0,0.0,0.0,0.0,0.0,0.0,0.0,0.0,18,2,223,120.0,238
Forward,1,0.0,1.0,0.0,0.0,0.0,29.0,8.0,1.0,2.0,0.0,0.0,18.0,0.0,14.0,8.0,4.0,2.0,0.0,0.0,0.0,0.0,0.0,0.0,0.0,0.0,0.0,6,641,18.31,8.0,87.0,0.0,0.0,0.0,0.0,0.0,0.0,0.0,0.0,0.0,0.0,1,0,12,6.0,35
Goalkeeper,0,0.0,0.0,0.0,0.0,0.0,0.0,0.0,0.0,0.0,37.0,301.0,0.0,0.0,0.0,0.0,0.0,0.0,0.0,0.0,0.0,0.0,0.0,0.0,0.0,1.0,13.0,1,4858,26.84,0.0,0.0,0.0,1618.0,617.0,3.0,72.0,274.0,96.0,122.0,683.0,1621.0,4,0,1,0.0,181
Goalkeeper,0,0.0,0.0,0.0,0.0,0.0,0.0,0.0,0.0,0.0,18.0,66.0,0.0,0.0,0.0,0.0,0.0,0.0,0.0,0.0,0.0,0.0,0.0,0.0,0.0,1.0,2.0,0,1428,25.05,0.0,0.0,0.0,357.0,182.0,0.0,37.0,29.0,18.0,14.0,263.0,478.0,3,0,1,0.0,57
Defender,4,2.0,1.0,1.0,0.0,0.0,0.0,0.0,2.0,0.0,45.0,274.0,483.0,1.0,25.0,368.0,796.0,450.0,4.0,1013.0,1218.0,812.0,102.0,406.0,246.0,1.0,2.0,5,6449,32.08,9.0,407.0,3.0,356.0,0.0,0.0,0.0,0.0,0.0,0.0,0.0,0.0,28,0,202,4.0,201
Defender,20,0.0,4.0,16.0,0.0,0.0,0.0,0.0,5.0,0.0,40.0,277.0,350.0,3.0,51.0,326.0,439.0,170.0,5.0,1126.0,680.0,566.0,184.0,69.0,88.0,2.0,2.0,14,6833,35.77,25.0,388.0,14.0,290.0,0.0,0.0,0.0,0.0,0.0,0.0,0.0,0.0,19,0,94,27.0,191
Defender,12,7.0,3.0,2.0,0.0,0.0,0.0,0.0,6.0,0.0,58.0,338.0,447.0,17.0,26.0,443.0,2029.0,929.0,4.0,989.0,1442.0,817.0,25.0,823.0,473.0,0.0,7.0,7,8210,31.22,8.0,51.0,4.0,752.0,0.0,0.0,0.0,0.0,0.0,0.0,0.0,0.0,46,2,167,7.0,263
Defender,15,9.0,4.0,2.0,0.0,0.0,0.0,0.0,6.0,0.0,48.0,307.0,291.0,5.0,29.0,343.0,1536.0,661.0,6.0,785.0,1016.0,698.0,46.0,612.0,441.0,5.0,5.0,11,6399,28.19,11.0,24.0,4.0,665.0,0.0,0.0,0.0,0.0,0.0,0.0,0.0,0.0,34,0,145,10.0,227
Defender,3,1.0,1.0,1.0,0.0,0.0,0.0,0.0,3.0,0.0,32.0,162.0,144.0,5.0,4.0,200.0,697.0,440.0,3.0,847.0,534.0,348.0,49.0,298.0,223.0,0.0,3.0,2,5917,47.34,2.0,6.0,2.0,280.0,0.0,0.0,0.0,0.0,0.0,0.0,0.0,0.0,6,1,39,1.0,125
Defender,27,9.0,13.0,4.0,0.0,0.0,0.0,0.0,5.0,0.0,99.0,452.0,471.0,18.0,63.0,452.0,2849.0,1155.0,10.0,1441.0,1946.0,1036.0,70.0,1157.0,562.0,2.0,8.0,10,12718,34.01,8.0,23.0,6.0,847.0,0.0,0.0,0.0,0.0,0.0,0.0,0.0,0.0,38,3,266,3.0,374
Defender,0,0.0,0.0,0.0,0.0,0.0,0.0,0.0,2.0,0.0,29.0,180.0,335.0,1.0,8.0,153.0,641.0,312.0,1.0,509.0,646.0,518.0,32.0,240.0,192.0,2.0,6.0,5,3820,24.97,2.0,210.0,2.0,202.0,0.0,0.0,0.0,0.0,0.0,0.0,0.0,0.0,14,0,117,1.0,153
Defender,0,0.0,0.0,0.0,0.0,0.0,0.0,0.0,0.0,0.0,1.0,5.0,15.0,0.0,0.0,3.0,5.0,0.0,0.0,17.0,19.0,26.0,1.0,0.0,9.0,0.0,0.0,0,132,22.0,0.0,5.0,0.0,6.0,0.0,0.0,0.0,0.0,0.0,0.0,0.0,0.0,1,0,2,0.0,6
Midfielder,27,0.0,27.0,0.0,21.0,3.0,144.0,55.0,5.0,4.0,0.0,0.0,264.0,0.0,41.0,227.0,202.0,91.0,0.0,736.0,597.0,597.0,56.0,167.0,137.0,0.0,4.0,4,5573,46.06,8.0,376.0,9.0,394.0,0.0,0.0,0.0,0.0,0.0,0.0,0.0,0.0,34,0,207,2.0,121
Midfielder,1,0.0,0.0,1.0,0.0,0.0,47.0,10.0,1.0,0.0,0.0,0.0,52.0,0.0,14.0,22.0,20.0,4.0,0.0,116.0,111.0,110.0,19.0,6.0,25.0,0.0,0.0,2,864,18.78,0.0,33.0,0.0,19.0,0.0,0.0,0.0,0.0,0.0,0.0,0.0,0.0,4,0,16,3.0,46
Midfielder,13,5.0,7.0,0.0,0.0,0.0,167.0,54.0,8.0,12.0,0.0,0.0,446.0,0.0,33.0,310.0,412.0,260.0,0.0,1035.0,1311.0,1091.0,125.0,547.0,431.0,0.0,1.0,10,5799,29.44,3.0,104.0,8.0,176.0,0.0,0.0,0.0,0.0,0.0,0.0,0.0,0.0,25,1,242,16.0,197
Midfielder,22,0.0,5.0,17.0,1.0,1.0,335.0,103.0,6.0,12.0,0.0,0.0,353.0,0.0,112.0,177.0,82.0,21.0,0.0,913.0,1025.0,1045.0,414.0,19.0,76.0,0.0,2.0,22,4717,22.36,40.0,923.0,12.0,111.0,0.0,0.0,0.0,0.0,0.0,0.0,0.0,0.0,14,0,78,22.0,211
Midfielder,11,1.0,3.0,7.0,0.0,0.0,0.0,0.0,0.0,0.0,17.0,153.0,278.0,0.0,43.0,177.0,217.0,117.0,0.0,585.0,773.0,757.0,173.0,211.0,261.0,1.0,1.0,8,3156,21.32,10.0,199.0,4.0,163.0,0.0,0.0,0.0,0.0,0.0,0.0,0.0,0.0,15,0,109,3.0,148
Midfielder,23,6.0,10.0,7.0,0.0,0.0,214.0,64.0,3.0,12.0,0.0,0.0,613.0,0.0,68.0,398.0,312.0,108.0,0.0,1448.0,1304.0,1452.0,155.0,314.0,385.0,0.0,0.0,18,10076,35.73,21.0,137.0,32.0,570.0,0.0,0.0,0.0,0.0,0.0,0.0,0.0,0.0,45,0,370,13.0,282
Midfielder,13,0.0,10.0,3.0,0.0,0.0,178.0,47.0,4.0,8.0,0.0,0.0,674.0,0.0,65.0,421.0,366.0,124.0,0.0,1284.0,1190.0,1014.0,123.0,148.0,167.0,0.0,3.0,12,10840,42.02,8.0,188.0,23.0,835.0,0.0,0.0,0.0,0.0,0.0,0.0,0.0,0.0,48,1,309,2.0,258
Midfielder,0,0.0,0.0,0.0,0.0,0.0,4.0,0.0,0.0,0.0,0.0,0.0,25.0,0.0,2.0,29.0,31.0,14.0,0.0,70.0,45.0,33.0,11.0,7.0,8.0,0.0,0.0,0,484,16.69,0.0,8.0,1.0,29.0,0.0,0.0,0.0,0.0,0.0,0.0,0.0,0.0,0,0,6,0.0,29
Forward,25,4.0,17.0,4.0,2.0,0.0,226.0,78.0,8.0,13.0,0.0,0.0,226.0,0.0,73.0,76.0,55.0,34.0,0.0,0.0,0.0,0.0,0.0,0.0,0.0,0.0,0.0,9,2968,21.35,12.0,147.0,0.0,0.0,0.0,0.0,0.0,0.0,0.0,0.0,0.0,0.0,18,2,222,44.0,139
Forward,39,1.0,31.0,7.0,1.0,0.0,336.0,119.0,7.0,32.0,0.0,0.0,294.0,0.0,106.0,123.0,32.0,8.0,0.0,0.0,0.0,0.0,0.0,0.0,0.0,0.0,0.0,24,4555,20.99,36.0,537.0,0.0,0.0,0.0,0.0,0.0,0.0,0.0,0.0,0.0,0.0,33,1,287,79.0,217
Forward,72,26.0,37.0,9.0,10.0,1.0,544.0,208.0,14.0,82.0,0.0,0.0,80.0,0.0,117.0,26.0,214.0,148.0,0.0,0.0,0.0,0.0,0.0,0.0,0.0,0.0,0.0,20,5666,25.18,31.0,36.0,0.0,0.0,0.0,0.0,0.0,0.0,0.0,0.0,0.0,0.0,35,3,357,203.0,225
Forward,19,4.0,10.0,5.0,1.0,0.0,189.0,59.0,6.0,12.0,0.0,0.0,93.0,0.0,56.0,53.0,109.0,63.0,0.0,0.0,0.0,0.0,0.0,0.0,0.0,0.0,0.0,7,2003,16.69,5.0,112.0,0.0,0.0,0.0,0.0,0.0,0.0,0.0,0.0,0.0,0.0,11,0,147,26.0,120
Forward,13,1.0,8.0,4.0,0.0,0.0,73.0,25.0,1.0,9.0,0.0,0.0,13.0,0.0,22.0,7.0,6.0,5.0,0.0,0.0,0.0,0.0,0.0,0.0,0.0,0.0,0.0,3,421,7.02,0.0,3.0,0.0,0.0,0.0,0.0,0.0,0.0,0.0,0.0,0.0,0.0,0,0,24,29.0,60
Goalkeeper,0,0.0,0.0,0.0,0.0,0.0,0.0,0.0,0.0,0.0,38.0,218.0,0.0,0.0,0.0,0.0,0.0,0.0,0.0,0.0,0.0,0.0,0.0,0.0,0.0,0.0,13.0,0,4553,30.97,0.0,0.0,0.0,1273.0,462.0,4.0,71.0,98.0,38.0,65.0,609.0,1232.0,3,0,3,0.0,147
Goalkeeper,0,0.0,0.0,0.0,0.0,0.0,0.0,0.0,0.0,0.0,14.0,112.0,0.0,0.0,0.0,0.0,0.0,0.0,0.0,0.0,0.0,0.0,0.0,0.0,0.0,1.0,5.0,2,2290,33.19,0.0,0.0,0.0,746.0,191.0,3.0,43.0,49.0,9.0,34.0,200.0,527.0,2,0,0,0.0,69
Defender,0,0.0,0.0,0.0,0.0,0.0,0.0,0.0,1.0,0.0,14.0,75.0,113.0,0.0,3.0,81.0,274.0,140.0,1.0,285.0,319.0,227.0,27.0,124.0,120.0,0.0,1.0,4,2429,37.37,7.0,62.0,2.0,218.0,0.0,0.0,0.0,0.0,0.0,0.0,0.0,0.0,11,0,43,3.0,65
Defender,6,3.0,2.0,1.0,0.0,0.0,0.0,0.0,3.0,0.0,40.0,205.0,157.0,2.0,17.0,249.0,978.0,652.0,2.0,656.0,899.0,574.0,22.0,685.0,417.0,1.0,1.0,5,6162,40.27,7.0,11.0,3.0,479.0,0.0,0.0,0.0,0.0,0.0,0.0,0.0,0.0,13,0,82,5.0,153
Defender,4,0.0,0.0,4.0,0.0,0.0,0.0,0.0,5.0,0.0,20.0,89.0,150.0,1.0,29.0,104.0,195.0,100.0,0.0,369.0,452.0,314.0,37.0,209.0,102.0,2.0,0.0,12,2961,41.12,21.0,570.0,2.0,130.0,0.0,0.0,0.0,0.0,0.0,0.0,0.0,0.0,11,1,83,5.0,72
Defender,3,2.0,1.0,0.0,0.0,0.0,0.0,0.0,0.0,0.0,8.0,52.0,54.0,0.0,7.0,41.0,156.0,93.0,0.0,181.0,229.0,142.0,6.0,153.0,99.0,1.0,1.0,1,2052,46.64,2.0,4.0,1.0,149.0,0.0,0.0,0.0,0.0,0.0,0.0,0.0,0.0,6,0,33,3.0,44
Defender,20,7.0,8.0,6.0,0.0,0.0,0.0,0.0,6.0,0.0,78.0,277.0,480.0,8.0,48.0,296.0,542.0,284.0,1.0,1272.0,1308.0,1157.0,364.0,195.0,221.0,4.0,3.0,21,8930,32.36,36.0,742.0,12.0,342.0,0.0,0.0,0.0,0.0,0.0,0.0,0.0,0.0,29,2,194,29.0,276
Defender,0,0.0,0.0,0.0,0.0,0.0,0.0,0.0,1.0,0.0,6.0,46.0,64.0,0.0,2.0,46.0,107.0,56.0,0.0,138.0,142.0,122.0,11.0,62.0,43.0,0.0,0.0,2,1045,33.71,3.0,67.0,0.0,68.0,0.0,0.0,0.0,0.0,0.0,0.0,0.0,0.0,3,0,28,0.0,31
Midfielder,7,0.0,1.0,6.0,0.0,0.0,144.0,36.0,5.0,3.0,0.0,0.0,395.0,0.0,36.0,283.0,213.0,55.0,0.0,1011.0,987.0,706.0,259.0,130.0,165.0,0.0,5.0,8,8857,47.88,7.0,195.0,13.0,508.0,0.0,0.0,0.0,0.0,0.0,0.0,0.0,0.0,29,3,140,1.0,185
Midfielder,61,3.0,45.0,13.0,9.0,7.0,603.0,221.0,20.0,31.0,0.0,0.0,348.0,0.0,203.0,283.0,163.0,44.0,0.0,1015.0,863.0,1223.0,197.0,88.0,246.0,0.0,1.0,45,7752,27.3,68.0,1363.0,95.0,204.0,0.0,0.0,0.0,0.0,0.0,0.0,0.0,0.0,20,0,193,16.0,284
Midfielder,1,0.0,1.0,0.0,0.0,0.0,27.0,5.0,0.0,1.0,0.0,0.0,64.0,0.0,6.0,27.0,25.0,16.0,0.0,308.0,229.0,338.0,66.0,56.0,45.0,0.0,0.0,2,2169,45.19,2.0,28.0,4.0,187.0,0.0,0.0,0.0,0.0,0.0,0.0,0.0,0.0,13,0,89,0.0,48
Midfielder,5,1.0,2.0,2.0,0.0,0.0,60.0,15.0,2.0,4.0,0.0,0.0,132.0,0.0,25.0,100.0,63.0,33.0,0.0,415.0,417.0,486.0,76.0,72.0,118.0,0.0,0.0,4,2909,27.44,5.0,43.0,9.0,135.0,0.0,0.0,0.0,0.0,0.0,0.0,0.0,0.0,22,0,116,9.0,106
Midfielder,0,0.0,0.0,0.0,0.0,0.0,0.0,0.0,0.0,0.0,0.0,0.0,6.0,0.0,0.0,2.0,1.0,0.0,0.0,9.0,9.0,14.0,1.0,1.0,2.0,0.0,0.0,0,82,10.25,0.0,0.0,0.0,3.0,0.0,0.0,0.0,0.0,0.0,0.0,0.0,0.0,1,0,4,0.0,8
Midfielder,17,2.0,12.0,2.0,0.0,0.0,182.0,54.0,2.0,11.0,0.0,0.0,235.0,0.0,56.0,143.0,163.0,66.0,0.0,1019.0,576.0,658.0,129.0,154.0,168.0,0.0,1.0,11,6811,51.99,15.0,71.0,7.0,213.0,0.0,0.0,0.0,0.0,0.0,0.0,0.0,0.0,31,0,145,10.0,131
Midfielder,0,0.0,0.0,0.0,0.0,0.0,26.0,7.0,1.0,0.0,0.0,0.0,93.0,0.0,7.0,34.0,56.0,26.0,0.0,154.0,186.0,165.0,53.0,21.0,16.0,0.0,1.0,0,1339,29.11,2.0,18.0,3.0,116.0,0.0,0.0,0.0,0.0,0.0,0.0,0.0,0.0,11,0,42,0.0,46
Forward,0,0.0,0.0,0.0,0.0,0.0,9.0,1.0,0.0,0.0,0.0,0.0,2.0,0.0,3.0,1.0,0.0,0.0,0.0,0.0,0.0,0.0,0.0,0.0,0.0,0.0,0.0,0,82,10.25,0.0,6.0,0.0,0.0,0.0,0.0,0.0,0.0,0.0,0.0,0.0,0.0,0,0,1,1.0,8
Forward,11,1.0,8.0,2.0,0.0,0.0,219.0,72.0,8.0,8.0,0.0,0.0,151.0,0.0,55.0,48.0,107.0,58.0,0.0,0.0,0.0,0.0,0.0,0.0,0.0,0.0,0.0,17,2124,17.85,25.0,595.0,0.0,0.0,0.0,0.0,0.0,0.0,0.0,0.0,0.0,0.0,9,1,140,46.0,119
Forward,31,7.0,12.0,11.0,0.0,0.0,280.0,85.0,7.0,28.0,0.0,0.0,190.0,0.0,80.0,53.0,109.0,79.0,0.0,0.0,0.0,0.0,0.0,0.0,0.0,0.0,0.0,10,2452,22.09,22.0,158.0,0.0,0.0,0.0,0.0,0.0,0.0,0.0,0.0,0.0,0.0,17,1,114,56.0,111
Forward,28,12.0,12.0,4.0,0.0,0.0,195.0,77.0,4.0,31.0,0.0,0.0,42.0,0.0,37.0,29.0,85.0,66.0,0.0,0.0,0.0,0.0,0.0,0.0,0.0,0.0,0.0,9,1588,13.69,9.0,47.0,0.0,0.0,0.0,0.0,0.0,0.0,0.0,0.0,0.0,0.0,17,0,138,36.0,116
Forward,75,3.0,60.0,12.0,0.0,0.0,616.0,267.0,18.0,79.0,0.0,0.0,214.0,0.0,141.0,149.0,81.0,29.0,0.0,0.0,0.0,0.0,0.0,0.0,0.0,0.0,0.0,51,5491,15.87,61.0,952.0,0.0,0.0,0.0,0.0,0.0,0.0,0.0,0.0,0.0,0.0,10,0,101,163.0,346
Forward,10,5.0,3.0,2.0,0.0,0.0,71.0,30.0,0.0,6.0,0.0,0.0,23.0,0.0,12.0,6.0,16.0,11.0,0.0,0.0,0.0,0.0,0.0,0.0,0.0,0.0,0.0,3,619,12.63,4.0,15.0,0.0,0.0,0.0,0.0,0.0,0.0,0.0,0.0,0.0,0.0,3,0,50,19.0,49
Forward,12,2.0,9.0,1.0,0.0,0.0,157.0,65.0,4.0,10.0,0.0,0.0,99.0,0.0,46.0,44.0,33.0,15.0,0.0,0.0,0.0,0.0,0.0,0.0,0.0,0.0,0.0,16,3921,31.12,23.0,151.0,0.0,0.0,0.0,0.0,0.0,0.0,0.0,0.0,0.0,0.0,2,0,42,6.0,126
Forward,4,0.0,4.0,0.0,0.0,0.0,35.0,10.0,2.0,5.0,0.0,0.0,81.0,0.0,14.0,43.0,19.0,4.0,0.0,0.0,0.0,0.0,0.0,0.0,0.0,0.0,0.0,5,1346,22.07,7.0,87.0,0.0,0.0,0.0,0.0,0.0,0.0,0.0,0.0,0.0,0.0,7,0,36,2.0,61
Forward,2,0.0,2.0,0.0,0.0,0.0,31.0,13.0,0.0,4.0,0.0,0.0,6.0,0.0,5.0,5.0,1.0,1.0,0.0,0.0,0.0,0.0,0.0,0.0,0.0,0.0,0.0,2,131,4.23,5.0,14.0,0.0,0.0,0.0,0.0,0.0,0.0,0.0,0.0,0.0,0.0,1,0,28,4.0,31
Forward,0,0.0,0.0,0.0,0.0,0.0,6.0,1.0,0.0,0.0,0.0,0.0,11.0,0.0,2.0,8.0,1.0,0.0,0.0,0.0,0.0,0.0,0.0,0.0,0.0,0.0,0.0,1,113,10.27,0.0,7.0,0.0,0.0,0.0,0.0,0.0,0.0,0.0,0.0,0.0,0.0,0,0,10,1.0,11
Defender,0,0.0,0.0,0.0,0.0,0.0,0.0,0.0,0.0,0.0,3.0,69.0,49.0,0.0,1.0,45.0,147.0,61.0,0.0,200.0,156.0,120.0,16.0,57.0,55.0,1.0,0.0,1,1434,43.45,1.0,16.0,2.0,72.0,0.0,0.0,0.0,0.0,0.0,0.0,0.0,0.0,4,0,39,1.0,33
Defender,0,0.0,0.0,0.0,0.0,0.0,0.0,0.0,0.0,0.0,5.0,78.0,42.0,0.0,0.0,65.0,197.0,67.0,1.0,178.0,126.0,114.0,7.0,66.0,67.0,0.0,1.0,1,1517,37.92,1.0,3.0,0.0,73.0,0.0,0.0,0.0,0.0,0.0,0.0,0.0,0.0,2,0,16,0.0,40
Defender,0,0.0,0.0,0.0,0.0,0.0,0.0,0.0,0.0,0.0,3.0,53.0,56.0,0.0,3.0,54.0,122.0,48.0,0.0,164.0,129.0,106.0,10.0,56.0,45.0,0.0,1.0,1,1386,53.31,1.0,17.0,1.0,91.0,0.0,0.0,0.0,0.0,0.0,0.0,0.0,0.0,5,0,28,3.0,26
Defender,0,0.0,0.0,0.0,0.0,0.0,0.0,0.0,0.0,0.0,5.0,60.0,66.0,0.0,7.0,37.0,74.0,35.0,0.0,135.0,147.0,115.0,18.0,32.0,37.0,0.0,1.0,1,1036,34.53,8.0,121.0,1.0,54.0,0.0,0.0,0.0,0.0,0.0,0.0,0.0,0.0,5,0,27,2.0,30
Midfielder,1,0.0,1.0,0.0,0.0,0.0,19.0,6.0,1.0,1.0,0.0,0.0,41.0,0.0,7.0,32.0,14.0,6.0,0.0,158.0,93.0,112.0,16.0,14.0,20.0,0.0,2.0,2,1592,49.75,7.0,108.0,2.0,98.0,0.0,0.0,0.0,0.0,0.0,0.0,0.0,0.0,6,0,32,1.0,32
Midfielder,1,0.0,1.0,0.0,0.0,0.0,19.0,3.0,1.0,0.0,0.0,0.0,60.0,0.0,7.0,43.0,37.0,11.0,0.0,131.0,117.0,116.0,10.0,28.0,13.0,0.0,0.0,1,1285,31.34,0.0,19.0,8.0,115.0,0.0,0.0,0.0,0.0,0.0,0.0,0.0,0.0,9,1,33,2.0,41
Midfielder,0,0.0,0.0,0.0,0.0,0.0,0.0,0.0,1.0,0.0,0.0,6.0,3.0,0.0,1.0,0.0,3.0,2.0,0.0,13.0,16.0,14.0,7.0,4.0,5.0,0.0,0.0,0,57,6.33,0.0,7.0,0.0,0.0,0.0,0.0,0.0,0.0,0.0,0.0,0.0,0.0,0,0,3,1.0,9
Midfielder,0,0.0,0.0,0.0,0.0,0.0,1.0,0.0,0.0,0.0,0.0,0.0,10.0,0.0,0.0,3.0,5.0,3.0,0.0,35.0,17.0,18.0,2.0,3.0,6.0,0.0,0.0,0,250,20.83,0.0,9.0,0.0,13.0,0.0,0.0,0.0,0.0,0.0,0.0,0.0,0.0,4,0,6,0.0,12
Midfielder,2,0.0,0.0,2.0,0.0,0.0,33.0,7.0,2.0,0.0,0.0,0.0,57.0,0.0,11.0,32.0,22.0,5.0,0.0,219.0,187.0,146.0,54.0,21.0,23.0,0.0,0.0,1,1882,43.77,4.0,57.0,9.0,104.0,0.0,0.0,0.0,0.0,0.0,0.0,0.0,0.0,2,0,22,0.0,43
Midfielder,0,0.0,0.0,0.0,0.0,0.0,4.0,2.0,0.0,0.0,0.0,0.0,10.0,0.0,1.0,1.0,2.0,0.0,0.0,8.0,17.0,17.0,3.0,3.0,2.0,0.0,0.0,0,109,7.27,0.0,5.0,0.0,0.0,0.0,0.0,0.0,0.0,0.0,0.0,0.0,0.0,0,0,4,1.0,15
Midfielder,0,0.0,0.0,0.0,0.0,0.0,22.0,5.0,0.0,0.0,0.0,0.0,54.0,0.0,10.0,37.0,30.0,15.0,0.0,135.0,148.0,151.0,52.0,24.0,32.0,0.0,0.0,1,1113,46.38,1.0,3.0,0.0,38.0,0.0,0.0,0.0,0.0,0.0,0.0,0.0,0.0,1,1,26,2.0,24
Midfielder,2,0.0,2.0,0.0,0.0,0.0,48.0,10.0,2.0,0.0,0.0,0.0,105.0,0.0,12.0,80.0,63.0,35.0,0.0,260.0,278.0,207.0,78.0,55.0,30.0,0.0,1.0,2,1787,38.02,3.0,19.0,9.0,87.0,0.0,0.0,0.0,0.0,0.0,0.0,0.0,0.0,7,0,60,3.0,47
Midfielder,0,0.0,0.0,0.0,0.0,0.0,6.0,3.0,0.0,0.0,0.0,0.0,36.0,0.0,1.0,26.0,14.0,3.0,0.0,45.0,60.0,64.0,2.0,7.0,21.0,0.0,0.0,0,419,22.05,0.0,4.0,0.0,14.0,0.0,0.0,0.0,0.0,0.0,0.0,0.0,0.0,0,0,8,0.0,19
Forward,23,11.0,10.0,2.0,4.0,0.0,221.0,85.0,7.0,24.0,0.0,0.0,44.0,0.0,46.0,13.0,88.0,76.0,0.0,0.0,0.0,0.0,0.0,0.0,0.0,0.0,0.0,7,1841,23.3,6.0,14.0,0.0,0.0,0.0,0.0,0.0,0.0,0.0,0.0,0.0,0.0,12,2,117,51.0,79
Forward,6,0.0,5.0,1.0,1.0,0.0,29.0,10.0,0.0,1.0,0.0,0.0,17.0,0.0,8.0,3.0,12.0,4.0,0.0,0.0,0.0,0.0,0.0,0.0,0.0,0.0,0.0,2,324,11.17,1.0,7.0,0.0,0.0,0.0,0.0,0.0,0.0,0.0,0.0,0.0,0.0,0,0,6,11.0,29
Forward,3,0.0,3.0,0.0,0.0,0.0,13.0,4.0,2.0,1.0,0.0,0.0,6.0,0.0,2.0,7.0,5.0,3.0,0.0,0.0,0.0,0.0,0.0,0.0,0.0,0.0,0.0,1,357,14.28,2.0,59.0,0.0,0.0,0.0,0.0,0.0,0.0,0.0,0.0,0.0,0.0,1,0,15,6.0,25
Forward,3,0.0,3.0,0.0,1.0,0.0,22.0,10.0,0.0,4.0,0.0,0.0,8.0,0.0,0.0,1.0,5.0,2.0,0.0,0.0,0.0,0.0,0.0,0.0,0.0,0.0,0.0,0,262,17.47,1.0,20.0,0.0,0.0,0.0,0.0,0.0,0.0,0.0,0.0,0.0,0.0,2,0,26,7.0,15
Midfielder,0,0.0,0.0,0.0,0.0,0.0,28.0,6.0,0.0,2.0,0.0,0.0,62.0,0.0,9.0,36.0,23.0,10.0,0.0,176.0,133.0,169.0,22.0,17.0,41.0,0.0,0.0,1,1355,38.71,3.0,51.0,8.0,99.0,0.0,0.0,0.0,0.0,0.0,0.0,0.0,0.0,4,0,33,1.0,35
Midfielder,5,0.0,4.0,1.0,0.0,0.0,78.0,21.0,1.0,2.0,0.0,0.0,56.0,0.0,23.0,54.0,26.0,7.0,0.0,203.0,159.0,254.0,54.0,6.0,33.0,0.0,0.0,13,2341,40.36,12.0,183.0,24.0,135.0,0.0,0.0,0.0,0.0,0.0,0.0,0.0,0.0,5,0,29,10.0,58
Forward,3,1.0,2.0,0.0,0.0,0.0,20.0,9.0,1.0,2.0,0.0,0.0,14.0,0.0,6.0,6.0,9.0,5.0,0.0,0.0,0.0,0.0,0.0,0.0,0.0,0.0,0.0,1,193,6.66,0.0,8.0,0.0,0.0,0.0,0.0,0.0,0.0,0.0,0.0,0.0,0.0,1,0,23,7.0,29
Forward,1,0.0,0.0,1.0,0.0,0.0,20.0,5.0,1.0,0.0,0.0,0.0,15.0,0.0,6.0,12.0,5.0,2.0,0.0,0.0,0.0,0.0,0.0,0.0,0.0,0.0,0.0,1,190,10.0,5.0,26.0,0.0,0.0,0.0,0.0,0.0,0.0,0.0,0.0,0.0,0.0,0,0,9,2.0,19
Goalkeeper,0,0.0,0.0,0.0,0.0,0.0,0.0,0.0,0.0,0.0,65.0,264.0,0.0,0.0,0.0,0.0,0.0,0.0,0.0,0.0,0.0,0.0,0.0,0.0,0.0,1.0,6.0,0,6198,29.37,0.0,0.0,0.0,1880.0,599.0,5.0,101.0,158.0,84.0,142.0,655.0,1718.0,11,0,0,0.0,211
Goalkeeper,0,0.0,0.0,0.0,0.0,0.0,0.0,0.0,0.0,0.0,6.0,47.0,0.0,0.0,0.0,0.0,0.0,0.0,0.0,0.0,0.0,0.0,0.0,0.0,0.0,0.0,1.0,0,769,27.46,0.0,0.0,0.0,202.0,94.0,2.0,15.0,20.0,11.0,19.0,110.0,269.0,0,0,0,0.0,28
Defender,1,0.0,1.0,0.0,0.0,0.0,0.0,0.0,1.0,0.0,5.0,16.0,39.0,0.0,2.0,15.0,28.0,17.0,0.0,75.0,96.0,90.0,8.0,24.0,42.0,1.0,0.0,1,792,52.8,1.0,46.0,0.0,24.0,0.0,0.0,0.0,0.0,0.0,0.0,0.0,0.0,2,0,11,1.0,15
Defender,1,1.0,0.0,0.0,0.0,0.0,0.0,0.0,0.0,0.0,13.0,39.0,69.0,0.0,2.0,52.0,180.0,88.0,1.0,222.0,237.0,140.0,19.0,130.0,73.0,0.0,1.0,1,2696,64.19,1.0,6.0,0.0,124.0,0.0,0.0,0.0,0.0,0.0,0.0,0.0,0.0,5,1,39,1.0,42
Defender,8,5.0,1.0,2.0,0.0,0.0,0.0,0.0,0.0,0.0,41.0,217.0,200.0,3.0,22.0,313.0,879.0,526.0,1.0,585.0,797.0,493.0,44.0,503.0,310.0,2.0,2.0,2,4435,26.4,1.0,6.0,2.0,220.0,0.0,0.0,0.0,0.0,0.0,0.0,0.0,0.0,12,3,129,5.0,168
Defender,11,7.0,4.0,0.0,0.0,0.0,0.0,0.0,2.0,0.0,82.0,297.0,457.0,3.0,22.0,585.0,1843.0,777.0,4.0,1587.0,1417.0,825.0,86.0,641.0,399.0,5.0,5.0,9,13240,44.58,5.0,59.0,9.0,1004.0,0.0,0.0,0.0,0.0,0.0,0.0,0.0,0.0,44,3,239,3.0,297
Defender,1,1.0,0.0,0.0,0.0,0.0,0.0,0.0,0.0,0.0,8.0,53.0,68.0,0.0,3.0,50.0,76.0,44.0,0.0,248.0,153.0,156.0,9.0,59.0,51.0,0.0,0.0,1,1469,31.93,0.0,6.0,0.0,72.0,0.0,0.0,0.0,0.0,0.0,0.0,0.0,0.0,5,1,41,1.0,46
Defender,5,0.0,3.0,2.0,0.0,0.0,0.0,0.0,1.0,0.0,20.0,72.0,237.0,3.0,13.0,109.0,180.0,93.0,0.0,387.0,557.0,459.0,128.0,108.0,123.0,0.0,0.0,8,3104,49.27,15.0,164.0,7.0,102.0,0.0,0.0,0.0,0.0,0.0,0.0,0.0,0.0,8,0,86,2.0,63
Defender,2,0.0,1.0,1.0,0.0,0.0,0.0,0.0,1.0,0.0,29.0,127.0,255.0,1.0,16.0,248.0,365.0,197.0,1.0,615.0,513.0,423.0,32.0,201.0,153.0,1.0,1.0,9,4051,37.86,11.0,325.0,5.0,276.0,0.0,0.0,0.0,0.0,0.0,0.0,0.0,0.0,15,0,79,2.0,107
Midfielder,10,0.0,8.0,1.0,0.0,0.0,138.0,47.0,2.0,9.0,0.0,0.0,76.0,0.0,45.0,39.0,39.0,9.0,0.0,312.0,311.0,401.0,138.0,24.0,102.0,0.0,1.0,9,1920,14.55,13.0,263.0,10.0,73.0,0.0,0.0,0.0,0.0,0.0,0.0,0.0,0.0,7,0,36,12.0,132
Midfielder,6,1.0,3.0,2.0,0.0,0.0,89.0,27.0,1.0,1.0,0.0,0.0,71.0,0.0,28.0,32.0,23.0,10.0,0.0,279.0,218.0,216.0,44.0,39.0,44.0,0.0,0.0,10,2594,49.88,14.0,114.0,24.0,152.0,0.0,0.0,0.0,0.0,0.0,0.0,0.0,0.0,4,0,43,1.0,52
Midfielder,13,0.0,11.0,2.0,1.0,4.0,157.0,46.0,2.0,11.0,0.0,0.0,107.0,0.0,54.0,21.0,10.0,4.0,0.0,291.0,394.0,328.0,101.0,18.0,58.0,0.0,0.0,10,2913,42.22,21.0,429.0,41.0,152.0,0.0,0.0,0.0,0.0,0.0,0.0,0.0,0.0,7,1,62,6.0,69
Midfielder,17,2.0,13.0,2.0,0.0,1.0,220.0,70.0,5.0,13.0,0.0,0.0,425.0,0.0,75.0,261.0,169.0,45.0,0.0,1232.0,962.0,1124.0,284.0,69.0,184.0,0.0,0.0,37,5597,21.69,60.0,1593.0,33.0,363.0,0.0,0.0,0.0,0.0,0.0,0.0,0.0,0.0,32,1,167,17.0,258
Midfielder,8,0.0,7.0,1.0,0.0,0.0,112.0,43.0,0.0,12.0,0.0,0.0,28.0,0.0,32.0,11.0,9.0,5.0,0.0,138.0,180.0,192.0,78.0,37.0,51.0,0.0,0.0,11,1083,19.0,9.0,67.0,8.0,19.0,0.0,0.0,0.0,0.0,0.0,0.0,0.0,0.0,0,0,30,6.0,57
Midfielder,1,0.0,1.0,0.0,0.0,0.0,13.0,4.0,0.0,1.0,0.0,0.0,50.0,0.0,6.0,47.0,28.0,10.0,0.0,106.0,86.0,96.0,5.0,17.0,17.0,0.0,0.0,2,900,24.32,2.0,8.0,1.0,41.0,0.0,0.0,0.0,0.0,0.0,0.0,0.0,0.0,3,1,24,0.0,37
Midfielder,0,0.0,0.0,0.0,0.0,0.0,38.0,8.0,1.0,4.0,0.0,0.0,61.0,0.0,14.0,67.0,62.0,31.0,0.0,197.0,172.0,146.0,25.0,62.0,48.0,0.0,0.0,1,1260,30.0,3.0,110.0,2.0,57.0,0.0,0.0,0.0,0.0,0.0,0.0,0.0,0.0,4,1,34,0.0,42
Midfielder,0,0.0,0.0,0.0,0.0,0.0,11.0,2.0,0.0,0.0,0.0,0.0,24.0,0.0,5.0,15.0,1.0,1.0,0.0,63.0,52.0,75.0,7.0,11.0,21.0,0.0,0.0,1,512,36.57,1.0,4.0,3.0,26.0,0.0,0.0,0.0,0.0,0.0,0.0,0.0,0.0,3,0,9,0.0,14
Midfielder,6,1.0,4.0,1.0,0.0,0.0,153.0,24.0,5.0,4.0,0.0,0.0,482.0,0.0,42.0,253.0,297.0,145.0,0.0,1022.0,1066.0,866.0,103.0,398.0,331.0,0.0,1.0,5,6181,50.66,3.0,27.0,15.0,284.0,0.0,0.0,0.0,0.0,0.0,0.0,0.0,0.0,20,2,189,5.0,122
Midfielder,2,0.0,2.0,0.0,0.0,0.0,21.0,5.0,1.0,0.0,0.0,0.0,37.0,0.0,10.0,20.0,12.0,5.0,0.0,85.0,72.0,89.0,15.0,7.0,16.0,0.0,0.0,3,604,20.83,4.0,25.0,2.0,21.0,0.0,0.0,0.0,0.0,0.0,0.0,0.0,0.0,2,0,20,1.0,29
Midfielder,1,0.0,0.0,1.0,0.0,0.0,19.0,5.0,1.0,1.0,0.0,0.0,14.0,0.0,10.0,7.0,3.0,2.0,0.0,0.0,0.0,0.0,0.0,0.0,0.0,0.0,0.0,0,422,22.21,3.0,45.0,0.0,0.0,0.0,0.0,0.0,0.0,0.0,0.0,0.0,0.0,3,0,13,0.0,19
Midfielder,0,0.0,0.0,0.0,0.0,0.0,3.0,1.0,0.0,0.0,0.0,0.0,45.0,0.0,1.0,37.0,30.0,7.0,0.0,198.0,141.0,113.0,21.0,17.0,24.0,0.0,1.0,0,1559,35.43,0.0,6.0,2.0,66.0,0.0,0.0,0.0,0.0,0.0,0.0,0.0,0.0,7,0,34,0.0,44
Forward,105,12.0,66.0,27.0,20.0,0.0,458.0,223.0,15.0,78.0,0.0,0.0,124.0,0.0,82.0,59.0,90.0,62.0,0.0,0.0,0.0,0.0,0.0,0.0,0.0,0.0,0.0,29,2961,13.9,50.0,256.0,0.0,0.0,0.0,0.0,0.0,0.0,0.0,0.0,0.0,0.0,20,3,179,195.0,213
Forward,8,5.0,3.0,0.0,1.0,0.0,42.0,17.0,2.0,9.0,0.0,0.0,14.0,0.0,5.0,4.0,6.0,4.0,0.0,0.0,0.0,0.0,0.0,0.0,0.0,0.0,0.0,5,580,14.87,2.0,10.0,0.0,0.0,0.0,0.0,0.0,0.0,0.0,0.0,0.0,0.0,2,0,30,15.0,39
Forward,21,4.0,3.0,13.0,0.0,0.0,133.0,56.0,2.0,17.0,0.0,0.0,38.0,0.0,39.0,11.0,21.0,13.0,0.0,0.0,0.0,0.0,0.0,0.0,0.0,0.0,0.0,13,1327,11.34,15.0,27.0,0.0,0.0,0.0,0.0,0.0,0.0,0.0,0.0,0.0,0.0,6,0,80,30.0,117
Forward,41,6.0,29.0,6.0,1.0,0.0,275.0,114.0,5.0,22.0,0.0,0.0,240.0,0.0,60.0,137.0,96.0,41.0,0.0,0.0,0.0,0.0,0.0,0.0,0.0,0.0,0.0,13,3435,19.3,26.0,197.0,0.0,0.0,0.0,0.0,0.0,0.0,0.0,0.0,0.0,0.0,9,0,182,46.0,178
Forward,0,0.0,0.0,0.0,0.0,0.0,6.0,2.0,0.0,1.0,0.0,0.0,11.0,0.0,0.0,8.0,7.0,5.0,0.0,35.0,57.0,53.0,16.0,15.0,13.0,0.0,0.0,1,241,16.07,0.0,12.0,1.0,4.0,0.0,0.0,0.0,0.0,0.0,0.0,0.0,0.0,1,0,1,2.0,15
Goalkeeper,0,0.0,0.0,0.0,0.0,0.0,0.0,0.0,0.0,0.0,13.0,26.0,0.0,0.0,0.0,0.0,0.0,0.0,0.0,0.0,0.0,0.0,0.0,0.0,0.0,0.0,2.0,0,789,27.21,0.0,0.0,0.0,124.0,51.0,1.0,15.0,14.0,7.0,17.0,144.0,150.0,1,0,2,0.0,29
Goalkeeper,0,0.0,0.0,0.0,0.0,0.0,0.0,0.0,0.0,0.0,35.0,48.0,0.0,0.0,0.0,0.0,0.0,0.0,0.0,0.0,0.0,0.0,0.0,0.0,0.0,0.0,4.0,1,1924,27.88,0.0,0.0,0.0,302.0,137.0,1.0,26.0,20.0,12.0,36.0,361.0,388.0,1,1,1,0.0,69
Goalkeeper,0,0.0,0.0,0.0,0.0,0.0,0.0,0.0,0.0,0.0,37.0,177.0,0.0,0.0,0.0,0.0,0.0,0.0,0.0,0.0,0.0,0.0,0.0,0.0,0.0,0.0,9.0,0,3401,25.01,0.0,0.0,0.0,1086.0,454.0,5.0,54.0,150.0,53.0,108.0,531.0,1243.0,10,2,5,0.0,136
Defender,14,11.0,0.0,3.0,0.0,0.0,0.0,0.0,12.0,0.0,61.0,145.0,184.0,4.0,27.0,278.0,924.0,528.0,2.0,837.0,1083.0,397.0,41.0,776.0,269.0,0.0,3.0,3,10554,66.38,13.0,3.0,11.0,737.0,0.0,0.0,0.0,0.0,0.0,0.0,0.0,0.0,8,1,88,4.0,159
Defender,0,0.0,0.0,0.0,0.0,0.0,0.0,0.0,0.0,0.0,31.0,49.0,111.0,1.0,4.0,100.0,166.0,78.0,0.0,406.0,322.0,245.0,39.0,140.0,109.0,0.0,0.0,3,4387,60.1,2.0,68.0,2.0,196.0,0.0,0.0,0.0,0.0,0.0,0.0,0.0,0.0,15,0,58,1.0,73
Defender,4,2.0,0.0,2.0,0.0,0.0,0.0,0.0,3.0,0.0,44.0,158.0,270.0,4.0,19.0,191.0,282.0,114.0,3.0,880.0,522.0,466.0,109.0,92.0,97.0,0.0,1.0,33,8312,54.33,40.0,655.0,8.0,324.0,0.0,0.0,0.0,0.0,0.0,0.0,0.0,0.0,20,0,80,11.0,153
Defender,4,3.0,1.0,0.0,0.0,0.0,0.0,0.0,4.0,0.0,29.0,69.0,134.0,0.0,10.0,125.0,362.0,205.0,1.0,419.0,428.0,201.0,21.0,233.0,94.0,0.0,2.0,0,5249,61.03,2.0,6.0,6.0,258.0,0.0,0.0,0.0,0.0,0.0,0.0,0.0,0.0,9,0,52,1.0,86
Defender,6,0.0,6.0,0.0,0.0,0.0,0.0,0.0,3.0,0.0,31.0,69.0,158.0,1.0,27.0,114.0,184.0,64.0,1.0,546.0,264.0,319.0,57.0,31.0,73.0,0.0,1.0,26,5323,56.03,32.0,708.0,11.0,394.0,0.0,0.0,0.0,0.0,0.0,0.0,0.0,0.0,11,0,50,10.0,95
Defender,0,0.0,0.0,0.0,0.0,0.0,0.0,0.0,0.0,0.0,0.0,2.0,5.0,0.0,5.0,9.0,3.0,1.0,0.0,16.0,19.0,15.0,6.0,6.0,3.0,0.0,0.0,0,167,27.83,0.0,14.0,1.0,11.0,0.0,0.0,0.0,0.0,0.0,0.0,0.0,0.0,1,0,5,0.0,6
Midfielder,3,1.0,2.0,0.0,0.0,0.0,29.0,8.0,0.0,1.0,0.0,0.0,126.0,0.0,11.0,67.0,43.0,17.0,0.0,292.0,293.0,242.0,19.0,99.0,69.0,0.0,0.0,5,3291,56.74,4.0,19.0,5.0,157.0,0.0,0.0,0.0,0.0,0.0,0.0,0.0,0.0,12,0,63,0.0,58
Midfielder,25,8.0,16.0,1.0,1.0,0.0,224.0,86.0,2.0,16.0,0.0,0.0,200.0,0.0,55.0,117.0,124.0,68.0,0.0,989.0,696.0,725.0,194.0,142.0,197.0,0.0,2.0,16,7603,42.01,15.0,67.0,13.0,240.0,0.0,0.0,0.0,0.0,0.0,0.0,0.0,0.0,7,0,84,15.0,181
Midfielder,55,1.0,38.0,8.0,17.0,4.0,496.0,151.0,7.0,14.0,0.0,0.0,803.0,0.0,174.0,437.0,423.0,126.0,0.0,1751.0,1843.0,2223.0,310.0,337.0,514.0,0.0,2.0,84,16171,30.0,46.0,2247.0,110.0,882.0,0.0,0.0,0.0,0.0,0.0,0.0,0.0,0.0,65,3,438,45.0,539
Midfielder,4,1.0,3.0,0.0,0.0,0.0,40.0,17.0,1.0,4.0,0.0,0.0,69.0,0.0,11.0,25.0,17.0,6.0,0.0,202.0,164.0,174.0,50.0,20.0,31.0,0.0,0.0,4,1760,39.11,6.0,12.0,12.0,32.0,0.0,0.0,0.0,0.0,0.0,0.0,0.0,0.0,1,0,35,1.0,45
Midfielder,30,1.0,22.0,7.0,1.0,2.0,344.0,99.0,9.0,16.0,0.0,0.0,673.0,0.0,98.0,437.0,336.0,130.0,0.0,1878.0,1182.0,1223.0,135.0,243.0,241.0,0.0,1.0,46,17932,52.43,49.0,792.0,129.0,1188.0,0.0,0.0,0.0,0.0,0.0,0.0,0.0,0.0,34,2,299,29.0,342
Midfielder,16,0.0,14.0,2.0,0.0,0.0,237.0,65.0,8.0,11.0,0.0,0.0,188.0,0.0,87.0,133.0,75.0,25.0,0.0,566.0,707.0,704.0,344.0,76.0,131.0,0.0,3.0,22,4570,23.32,27.0,421.0,53.0,250.0,0.0,0.0,0.0,0.0,0.0,0.0,0.0,0.0,10,0,104,13.0,196
Midfielder,0,0.0,0.0,0.0,0.0,0.0,4.0,2.0,0.0,0.0,0.0,0.0,3.0,0.0,0.0,0.0,0.0,0.0,0.0,3.0,12.0,7.0,2.0,5.0,3.0,0.0,0.0,0,47,5.88,0.0,0.0,0.0,0.0,0.0,0.0,0.0,0.0,0.0,0.0,0.0,0.0,1,0,2,0.0,8
Midfielder,1,0.0,1.0,0.0,0.0,0.0,6.0,2.0,0.0,0.0,0.0,0.0,4.0,0.0,1.0,2.0,0.0,0.0,0.0,17.0,9.0,18.0,3.0,2.0,5.0,0.0,0.0,0,143,20.43,0.0,0.0,0.0,3.0,0.0,0.0,0.0,0.0,0.0,0.0,0.0,0.0,0,0,4,0.0,7
Midfielder,7,0.0,0.0,7.0,0.0,2.0,56.0,20.0,1.0,2.0,0.0,0.0,23.0,0.0,25.0,11.0,11.0,5.0,0.0,85.0,87.0,92.0,17.0,6.0,22.0,0.0,0.0,0,575,18.55,4.0,35.0,6.0,42.0,0.0,0.0,0.0,0.0,0.0,0.0,0.0,0.0,2,0,12,1.0,31
Midfielder,22,1.0,3.0,18.0,0.0,3.0,187.0,64.0,4.0,10.0,0.0,0.0,70.0,0.0,50.0,43.0,15.0,8.0,0.0,446.0,330.0,467.0,121.0,16.0,48.0,0.0,0.0,18,3039,26.43,32.0,555.0,55.0,175.0,0.0,0.0,0.0,0.0,0.0,0.0,0.0,0.0,12,0,79,30.0,115
Forward,57,13.0,29.0,14.0,2.0,0.0,424.0,182.0,10.0,51.0,0.0,0.0,259.0,0.0,121.0,73.0,61.0,47.0,0.0,0.0,0.0,0.0,0.0,0.0,0.0,0.0,0.0,36,6222,35.15,50.0,159.0,0.0,0.0,0.0,0.0,0.0,0.0,0.0,0.0,0.0,0.0,8,0,206,60.0,177
Forward,86,11.0,52.0,23.0,0.0,0.0,445.0,190.0,13.0,65.0,0.0,0.0,226.0,0.0,92.0,97.0,53.0,26.0,0.0,0.0,0.0,0.0,0.0,0.0,0.0,0.0,0.0,29,6136,31.31,43.0,278.0,0.0,0.0,0.0,0.0,0.0,0.0,0.0,0.0,0.0,0.0,21,3,215,117.0,196
Forward,78,4.0,11.0,63.0,9.0,0.0,449.0,201.0,11.0,58.0,0.0,0.0,58.0,0.0,114.0,25.0,11.0,6.0,0.0,0.0,0.0,0.0,0.0,0.0,0.0,0.0,0.0,29,3357,27.29,41.0,200.0,0.0,0.0,0.0,0.0,0.0,0.0,0.0,0.0,0.0,0.0,4,0,63,65.0,123
Forward,0,0.0,0.0,0.0,0.0,0.0,8.0,2.0,0.0,1.0,0.0,0.0,3.0,0.0,3.0,0.0,3.0,0.0,0.0,0.0,0.0,0.0,0.0,0.0,0.0,0.0,0.0,0,107,9.73,0.0,2.0,0.0,0.0,0.0,0.0,0.0,0.0,0.0,0.0,0.0,0.0,0,0,7,0.0,11
Forward,19,6.0,11.0,2.0,0.0,0.0,89.0,39.0,4.0,8.0,0.0,0.0,34.0,0.0,22.0,7.0,9.0,3.0,0.0,0.0,0.0,0.0,0.0,0.0,0.0,0.0,0.0,6,861,9.46,3.0,68.0,0.0,0.0,0.0,0.0,0.0,0.0,0.0,0.0,0.0,0.0,1,0,47,26.0,91
Forward,0,0.0,0.0,0.0,0.0,0.0,2.0,0.0,0.0,0.0,0.0,0.0,4.0,0.0,2.0,0.0,0.0,0.0,0.0,6.0,7.0,12.0,1.0,1.0,3.0,0.0,0.0,0,40,6.67,0.0,5.0,0.0,0.0,0.0,0.0,0.0,0.0,0.0,0.0,0.0,0.0,0,0,2,0.0,6
Forward,16,0.0,8.0,8.0,0.0,0.0,127.0,50.0,4.0,20.0,0.0,0.0,56.0,0.0,35.0,22.0,20.0,14.0,0.0,0.0,0.0,0.0,0.0,0.0,0.0,0.0,0.0,6,1585,23.66,13.0,74.0,0.0,0.0,0.0,0.0,0.0,0.0,0.0,0.0,0.0,0.0,15,0,84,9.0,67
Goalkeeper,0,0.0,0.0,0.0,0.0,0.0,0.0,0.0,0.0,0.0,52.0,78.0,0.0,0.0,0.0,0.0,0.0,0.0,0.0,0.0,0.0,0.0,0.0,0.0,0.0,0.0,5.0,1,2781,25.28,0.0,0.0,0.0,405.0,184.0,2.0,28.0,45.0,13.0,76.0,538.0,496.0,6,1,4,0.0,110
Goalkeeper,0,0.0,0.0,0.0,0.0,0.0,0.0,0.0,0.0,0.0,30.0,222.0,0.0,0.0,0.0,0.0,0.0,0.0,0.0,0.0,0.0,0.0,0.0,0.0,0.0,1.0,10.0,2,2722,18.77,0.0,0.0,0.0,832.0,433.0,3.0,66.0,161.0,164.0,23.0,489.0,1385.0,6,1,4,0.0,145
Defender,12,6.0,1.0,5.0,0.0,0.0,0.0,0.0,4.0,0.0,30.0,221.0,255.0,3.0,20.0,206.0,757.0,413.0,5.0,634.0,661.0,443.0,29.0,314.0,273.0,0.0,0.0,6,5634,38.33,9.0,61.0,3.0,260.0,0.0,0.0,0.0,0.0,0.0,0.0,0.0,0.0,15,1,97,7.0,147
Defender,7,0.0,6.0,1.0,0.0,0.0,0.0,0.0,3.0,0.0,99.0,270.0,600.0,4.0,55.0,498.0,820.0,355.0,4.0,1592.0,1510.0,1104.0,239.0,446.0,292.0,2.0,6.0,29,15694,53.56,25.0,748.0,29.0,900.0,0.0,0.0,0.0,0.0,0.0,0.0,0.0,0.0,45,1,239,22.0,293
Defender,1,1.0,0.0,0.0,0.0,0.0,0.0,0.0,1.0,0.0,43.0,161.0,180.0,4.0,7.0,191.0,601.0,338.0,4.0,717.0,664.0,316.0,96.0,330.0,172.0,0.0,7.0,0,8950,54.91,5.0,18.0,2.0,587.0,0.0,0.0,0.0,0.0,0.0,0.0,0.0,0.0,7,0,45,3.0,163
Defender,0,0.0,0.0,0.0,0.0,0.0,28.0,6.0,0.0,0.0,0.0,0.0,88.0,0.0,11.0,43.0,42.0,27.0,0.0,188.0,173.0,161.0,11.0,66.0,58.0,0.0,2.0,3,3066,74.78,5.0,101.0,3.0,86.0,0.0,0.0,0.0,0.0,0.0,0.0,0.0,0.0,2,1,35,4.0,41
Defender,4,4.0,0.0,0.0,0.0,0.0,0.0,0.0,0.0,0.0,25.0,31.0,63.0,0.0,7.0,70.0,147.0,88.0,0.0,342.0,226.0,144.0,8.0,127.0,79.0,0.0,0.0,3,4957,84.02,1.0,8.0,1.0,274.0,0.0,0.0,0.0,0.0,0.0,0.0,0.0,0.0,5,0,40,2.0,59
Defender,0,0.0,0.0,0.0,0.0,0.0,0.0,0.0,1.0,0.0,11.0,21.0,40.0,0.0,11.0,35.0,43.0,27.0,0.0,175.0,104.0,164.0,32.0,28.0,47.0,0.0,2.0,8,1999,54.03,7.0,176.0,2.0,53.0,0.0,0.0,0.0,0.0,0.0,0.0,0.0,0.0,7,0,32,1.0,37
Defender,0,0.0,0.0,0.0,0.0,0.0,0.0,0.0,0.0,0.0,5.0,11.0,40.0,0.0,3.0,21.0,16.0,12.0,0.0,99.0,104.0,79.0,37.0,19.0,22.0,0.0,0.0,0,1010,59.41,6.0,47.0,0.0,38.0,0.0,0.0,0.0,0.0,0.0,0.0,0.0,0.0,4,0,17,0.0,17
Defender,8,5.0,3.0,0.0,0.0,0.0,0.0,0.0,2.0,0.0,49.0,116.0,269.0,1.0,21.0,286.0,649.0,388.0,5.0,707.0,766.0,476.0,32.0,388.0,246.0,1.0,5.0,1,9366,68.87,3.0,7.0,8.0,432.0,0.0,0.0,0.0,0.0,0.0,0.0,0.0,0.0,31,0,118,1.0,136
Defender,0,0.0,0.0,0.0,0.0,0.0,0.0,0.0,0.0,0.0,3.0,7.0,6.0,0.0,0.0,18.0,31.0,14.0,0.0,38.0,25.0,34.0,6.0,11.0,20.0,0.0,0.0,0,728,56.0,0.0,1.0,0.0,26.0,0.0,0.0,0.0,0.0,0.0,0.0,0.0,0.0,1,0,9,0.0,13
Midfielder,0,0.0,0.0,0.0,0.0,0.0,0.0,0.0,0.0,0.0,0.0,0.0,1.0,0.0,0.0,0.0,0.0,0.0,0.0,2.0,10.0,3.0,6.0,0.0,0.0,0.0,0.0,0,30,5.0,0.0,0.0,0.0,2.0,0.0,0.0,0.0,0.0,0.0,0.0,0.0,0.0,1,0,2,0.0,6
Midfielder,15,2.0,10.0,3.0,2.0,1.0,127.0,34.0,3.0,7.0,0.0,0.0,83.0,0.0,47.0,84.0,45.0,19.0,0.0,462.0,262.0,273.0,74.0,43.0,56.0,0.0,0.0,6,5854,57.39,12.0,143.0,36.0,224.0,0.0,0.0,0.0,0.0,0.0,0.0,0.0,0.0,13,0,45,2.0,102
Midfielder,3,1.0,2.0,0.0,0.0,0.0,25.0,9.0,0.0,0.0,0.0,0.0,53.0,0.0,4.0,27.0,32.0,19.0,0.0,235.0,177.0,147.0,33.0,59.0,31.0,0.0,0.0,2,2673,74.25,3.0,8.0,2.0,174.0,0.0,0.0,0.0,0.0,0.0,0.0,0.0,0.0,9,0,45,0.0,36
Midfielder,37,0.0,28.0,9.0,3.0,3.0,367.0,133.0,20.0,13.0,0.0,0.0,214.0,0.0,97.0,88.0,59.0,30.0,0.0,758.0,633.0,768.0,221.0,64.0,103.0,0.0,1.0,67,8407,53.89,97.0,1109.0,131.0,436.0,0.0,0.0,0.0,0.0,0.0,0.0,0.0,0.0,14,0,122,16.0,156
Midfielder,19,2.0,1.0,16.0,0.0,0.0,139.0,51.0,3.0,17.0,0.0,0.0,115.0,0.0,50.0,59.0,46.0,14.0,0.0,366.0,334.0,378.0,118.0,30.0,65.0,0.0,0.0,18,4015,38.24,21.0,192.0,13.0,132.0,0.0,0.0,0.0,0.0,0.0,0.0,0.0,0.0,8,0,63,4.0,105
Midfielder,18,2.0,14.0,2.0,0.0,0.0,217.0,63.0,3.0,11.0,0.0,0.0,549.0,0.0,50.0,353.0,415.0,267.0,0.0,1300.0,1338.0,1193.0,184.0,427.0,339.0,0.0,0.0,16,14806,65.8,24.0,69.0,75.0,650.0,0.0,0.0,0.0,0.0,0.0,0.0,0.0,0.0,46,4,324,4.0,225
Midfielder,7,1.0,1.0,5.0,0.0,0.0,50.0,22.0,1.0,3.0,0.0,0.0,25.0,0.0,11.0,10.0,4.0,1.0,0.0,52.0,99.0,96.0,40.0,13.0,29.0,0.0,0.0,3,819,19.5,3.0,38.0,7.0,21.0,0.0,0.0,0.0,0.0,0.0,0.0,0.0,0.0,0,0,17,1.0,42
Forward,86,6.0,55.0,25.0,1.0,0.0,545.0,222.0,20.0,72.0,0.0,0.0,256.0,0.0,155.0,125.0,52.0,20.0,0.0,0.0,0.0,0.0,0.0,0.0,0.0,0.0,0.0,45,8317,31.99,61.0,514.0,0.0,0.0,0.0,0.0,0.0,0.0,0.0,0.0,0.0,0.0,28,1,297,95.0,260
Forward,42,8.0,22.0,12.0,2.0,0.0,227.0,122.0,7.0,58.0,0.0,0.0,56.0,0.0,38.0,25.0,17.0,13.0,0.0,0.0,0.0,0.0,0.0,0.0,0.0,0.0,0.0,17,1830,17.77,16.0,14.0,0.0,0.0,0.0,0.0,0.0,0.0,0.0,0.0,0.0,0.0,13,0,79,59.0,103
Forward,180,18.0,127.0,34.0,26.0,0.0,996.0,411.0,34.0,126.0,0.0,0.0,150.0,0.0,230.0,73.0,14.0,3.0,0.0,0.0,0.0,0.0,0.0,0.0,0.0,0.0,0.0,46,6134,23.32,59.0,176.0,0.0,0.0,0.0,0.0,0.0,0.0,0.0,0.0,0.0,0.0,23,1,167,194.0,263
Forward,57,3.0,9.0,44.0,8.0,3.0,426.0,185.0,10.0,28.0,0.0,0.0,211.0,0.0,125.0,141.0,50.0,22.0,0.0,0.0,0.0,0.0,0.0,0.0,0.0,0.0,0.0,40,6019,30.25,80.0,741.0,0.0,0.0,0.0,0.0,0.0,0.0,0.0,0.0,0.0,0.0,7,0,117,45.0,199
Goalkeeper,0,0.0,0.0,0.0,0.0,0.0,0.0,0.0,0.0,0.0,113.0,317.0,0.0,0.0,0.0,0.0,0.0,0.0,0.0,0.0,0.0,0.0,0.0,0.0,0.0,1.0,13.0,0,7009,22.32,0.0,0.0,0.0,1943.0,870.0,2.0,108.0,185.0,107.0,87.0,1205.0,2452.0,6,0,1,0.0,314
Goalkeeper,0,0.0,0.0,0.0,0.0,0.0,0.0,0.0,0.0,0.0,9.0,41.0,0.0,0.0,0.0,0.0,0.0,0.0,0.0,0.0,0.0,0.0,0.0,0.0,0.0,0.0,0.0,0,959,30.94,0.0,0.0,0.0,365.0,99.0,0.0,21.0,24.0,16.0,21.0,114.0,301.0,1,0,0,0.0,31
Goalkeeper,0,0.0,0.0,0.0,0.0,0.0,0.0,0.0,0.0,0.0,6.0,2.0,0.0,0.0,0.0,0.0,0.0,0.0,0.0,0.0,0.0,0.0,0.0,0.0,0.0,0.0,0.0,0,181,25.86,0.0,0.0,0.0,54.0,20.0,1.0,1.0,10.0,2.0,5.0,39.0,38.0,0,0,0,0.0,7
Goalkeeper,0,0.0,0.0,0.0,0.0,0.0,0.0,0.0,0.0,0.0,13.0,33.0,0.0,0.0,0.0,0.0,0.0,0.0,0.0,0.0,0.0,0.0,0.0,0.0,0.0,0.0,1.0,0,934,25.94,0.0,0.0,0.0,265.0,97.0,1.0,16.0,16.0,7.0,8.0,106.0,261.0,2,0,0,0.0,36
Defender,2,1.0,0.0,1.0,0.0,0.0,0.0,0.0,0.0,0.0,23.0,89.0,86.0,1.0,5.0,63.0,311.0,161.0,0.0,461.0,319.0,191.0,16.0,188.0,117.0,2.0,1.0,1,4419,53.24,5.0,4.0,3.0,172.0,0.0,0.0,0.0,0.0,0.0,0.0,0.0,0.0,8,0,53,0.0,83
Defender,1,0.0,1.0,0.0,0.0,0.0,0.0,0.0,1.0,0.0,21.0,35.0,92.0,1.0,3.0,102.0,226.0,88.0,0.0,281.0,229.0,123.0,23.0,75.0,42.0,1.0,0.0,0,1682,31.15,0.0,2.0,1.0,100.0,0.0,0.0,0.0,0.0,0.0,0.0,0.0,0.0,6,1,45,0.0,54
Defender,2,1.0,1.0,0.0,0.0,0.0,0.0,0.0,3.0,0.0,60.0,170.0,394.0,11.0,19.0,404.0,1073.0,560.0,3.0,872.0,1051.0,608.0,75.0,407.0,237.0,2.0,1.0,6,7835,39.18,11.0,137.0,13.0,485.0,0.0,0.0,0.0,0.0,0.0,0.0,0.0,0.0,27,0,155,3.0,200
Defender,8,4.0,4.0,0.0,0.0,0.0,0.0,0.0,4.0,0.0,32.0,195.0,191.0,3.0,23.0,233.0,639.0,396.0,0.0,871.0,895.0,433.0,107.0,494.0,202.0,0.0,1.0,7,7325,52.32,9.0,34.0,6.0,646.0,0.0,0.0,0.0,0.0,0.0,0.0,0.0,0.0,26,1,117,17.0,140
Defender,12,8.0,2.0,2.0,0.0,0.0,0.0,0.0,2.0,0.0,66.0,210.0,283.0,8.0,32.0,360.0,1287.0,670.0,0.0,897.0,1082.0,629.0,59.0,645.0,324.0,4.0,3.0,2,8092,36.95,3.0,63.0,7.0,517.0,0.0,0.0,0.0,0.0,0.0,0.0,0.0,0.0,18,1,192,14.0,219
Defender,1,0.0,0.0,1.0,0.0,0.0,0.0,0.0,0.0,0.0,21.0,58.0,140.0,0.0,14.0,130.0,383.0,213.0,0.0,358.0,351.0,264.0,26.0,154.0,113.0,1.0,1.0,1,3503,46.09,1.0,83.0,2.0,238.0,0.0,0.0,0.0,0.0,0.0,0.0,0.0,0.0,23,0,81,2.0,76
Defender,0,0.0,0.0,0.0,0.0,0.0,0.0,0.0,0.0,0.0,1.0,19.0,27.0,0.0,5.0,12.0,31.0,13.0,0.0,58.0,65.0,37.0,11.0,25.0,6.0,0.0,0.0,2,474,23.7,5.0,53.0,0.0,10.0,0.0,0.0,0.0,0.0,0.0,0.0,0.0,0.0,3,0,13,2.0,20
Defender,1,0.0,0.0,1.0,0.0,0.0,0.0,0.0,2.0,0.0,43.0,141.0,275.0,3.0,31.0,167.0,464.0,228.0,0.0,681.0,821.0,630.0,163.0,261.0,198.0,0.0,1.0,7,6663,42.44,14.0,425.0,9.0,171.0,0.0,0.0,0.0,0.0,0.0,0.0,0.0,0.0,29,1,138,7.0,157
Defender,0,0.0,0.0,0.0,0.0,0.0,0.0,0.0,0.0,0.0,5.0,51.0,80.0,3.0,5.0,65.0,110.0,49.0,0.0,175.0,151.0,135.0,24.0,31.0,46.0,1.0,1.0,1,1316,26.86,2.0,40.0,2.0,59.0,0.0,0.0,0.0,0.0,0.0,0.0,0.0,0.0,8,0,36,2.0,49
Defender,0,0.0,0.0,0.0,0.0,0.0,0.0,0.0,0.0,0.0,25.0,89.0,287.0,0.0,7.0,165.0,221.0,100.0,1.0,423.0,529.0,300.0,128.0,76.0,75.0,0.0,0.0,7,3019,39.21,8.0,179.0,3.0,72.0,0.0,0.0,0.0,0.0,0.0,0.0,0.0,0.0,13,1,46,3.0,77
Defender,0,0.0,0.0,0.0,0.0,0.0,0.0,0.0,0.0,0.0,1.0,7.0,11.0,0.0,1.0,12.0,12.0,9.0,0.0,28.0,24.0,37.0,1.0,5.0,17.0,0.0,1.0,0,279,27.9,0.0,1.0,0.0,6.0,0.0,0.0,0.0,0.0,0.0,0.0,0.0,0.0,0,0,9,0.0,10
Defender,1,0.0,1.0,0.0,0.0,0.0,0.0,0.0,0.0,0.0,4.0,11.0,21.0,0.0,1.0,16.0,14.0,10.0,0.0,68.0,62.0,53.0,16.0,10.0,9.0,0.0,0.0,0,551,32.41,0.0,12.0,1.0,16.0,0.0,0.0,0.0,0.0,0.0,0.0,0.0,0.0,6,0,13,1.0,17
Midfielder,25,4.0,19.0,2.0,7.0,0.0,301.0,110.0,11.0,21.0,0.0,0.0,157.0,0.0,81.0,83.0,116.0,77.0,0.0,718.0,824.0,753.0,239.0,224.0,159.0,0.0,1.0,26,7139,63.74,21.0,105.0,68.0,547.0,0.0,0.0,0.0,0.0,0.0,0.0,0.0,0.0,19,1,190,13.0,112
Midfielder,51,2.0,7.0,42.0,2.0,8.0,362.0,133.0,11.0,29.0,0.0,0.0,196.0,0.0,99.0,132.0,63.0,5.0,0.0,1084.0,616.0,890.0,173.0,22.0,68.0,0.0,1.0,52,11379,43.43,68.0,1099.0,89.0,641.0,0.0,0.0,0.0,0.0,0.0,0.0,0.0,0.0,19,1,134,102.0,262
Midfielder,18,2.0,15.0,1.0,1.0,0.0,178.0,69.0,6.0,18.0,0.0,0.0,130.0,0.0,53.0,52.0,34.0,4.0,0.0,336.0,358.0,526.0,96.0,19.0,100.0,0.0,0.0,10,3536,26.59,18.0,121.0,30.0,59.0,0.0,0.0,0.0,0.0,0.0,0.0,0.0,0.0,15,0,140,20.0,133
Midfielder,2,0.0,1.0,1.0,0.0,0.0,45.0,16.0,0.0,1.0,0.0,0.0,34.0,0.0,14.0,20.0,12.0,4.0,0.0,140.0,101.0,213.0,32.0,13.0,49.0,0.0,1.0,4,1111,24.69,8.0,88.0,3.0,42.0,0.0,0.0,0.0,0.0,0.0,0.0,0.0,0.0,10,0,42,4.0,45
Midfielder,1,0.0,1.0,0.0,0.0,0.0,57.0,12.0,3.0,1.0,0.0,0.0,89.0,0.0,13.0,54.0,35.0,9.0,0.0,339.0,205.0,250.0,50.0,12.0,32.0,0.0,1.0,1,2437,52.98,4.0,76.0,6.0,170.0,0.0,0.0,0.0,0.0,0.0,0.0,0.0,0.0,10,0,67,2.0,46
Midfielder,8,0.0,8.0,0.0,4.0,1.0,47.0,19.0,3.0,4.0,0.0,0.0,24.0,0.0,9.0,11.0,14.0,9.0,0.0,75.0,57.0,76.0,15.0,3.0,11.0,0.0,0.0,7,871,58.07,3.0,87.0,8.0,52.0,0.0,0.0,0.0,0.0,0.0,0.0,0.0,0.0,2,0,10,2.0,15
Midfielder,3,0.0,3.0,0.0,0.0,0.0,43.0,20.0,0.0,2.0,0.0,0.0,22.0,0.0,11.0,7.0,6.0,1.0,0.0,94.0,111.0,141.0,27.0,8.0,26.0,0.0,0.0,6,722,21.24,6.0,100.0,4.0,13.0,0.0,0.0,0.0,0.0,0.0,0.0,0.0,0.0,4,0,14,2.0,34
Midfielder,6,0.0,2.0,4.0,0.0,0.0,134.0,35.0,3.0,7.0,0.0,0.0,491.0,0.0,46.0,337.0,406.0,255.0,0.0,1583.0,1196.0,1009.0,235.0,343.0,239.0,0.0,1.0,19,12463,59.92,11.0,92.0,26.0,741.0,0.0,0.0,0.0,0.0,0.0,0.0,0.0,0.0,36,3,234,14.0,208
Midfielder,6,0.0,4.0,2.0,0.0,0.0,48.0,17.0,0.0,3.0,0.0,0.0,69.0,0.0,17.0,62.0,62.0,39.0,0.0,259.0,288.0,224.0,38.0,94.0,69.0,0.0,1.0,1,1926,32.64,2.0,22.0,4.0,94.0,0.0,0.0,0.0,0.0,0.0,0.0,0.0,0.0,6,0,59,1.0,59
Forward,51,4.0,36.0,11.0,2.0,0.0,268.0,122.0,5.0,24.0,0.0,0.0,77.0,0.0,72.0,29.0,56.0,30.0,0.0,0.0,0.0,0.0,0.0,0.0,0.0,0.0,0.0,23,3712,25.42,35.0,200.0,0.0,0.0,0.0,0.0,0.0,0.0,0.0,0.0,0.0,0.0,8,0,125,49.0,146
Forward,44,4.0,35.0,5.0,6.0,1.0,301.0,130.0,9.0,39.0,0.0,0.0,74.0,0.0,75.0,35.0,70.0,34.0,0.0,0.0,0.0,0.0,0.0,0.0,0.0,0.0,0.0,21,2979,20.83,27.0,258.0,0.0,0.0,0.0,0.0,0.0,0.0,0.0,0.0,0.0,0.0,12,1,90,52.0,143
Forward,16,1.0,12.0,3.0,0.0,0.0,153.0,62.0,3.0,25.0,0.0,0.0,39.0,0.0,36.0,18.0,30.0,16.0,0.0,0.0,0.0,0.0,0.0,0.0,0.0,0.0,0.0,4,1045,15.6,1.0,20.0,0.0,0.0,0.0,0.0,0.0,0.0,0.0,0.0,0.0,0.0,5,0,65,37.0,67
Forward,10,0.0,2.0,8.0,0.0,0.0,49.0,24.0,2.0,5.0,0.0,0.0,20.0,0.0,9.0,6.0,6.0,2.0,0.0,0.0,0.0,0.0,0.0,0.0,0.0,0.0,0.0,1,577,16.49,1.0,12.0,0.0,0.0,0.0,0.0,0.0,0.0,0.0,0.0,0.0,0.0,0,0,12,5.0,35
Goalkeeper,0,0.0,0.0,0.0,0.0,0.0,0.0,0.0,0.0,0.0,26.0,117.0,0.0,0.0,0.0,0.0,0.0,0.0,0.0,0.0,0.0,0.0,0.0,0.0,0.0,0.0,9.0,0,2318,26.34,0.0,0.0,0.0,653.0,261.0,1.0,39.0,75.0,16.0,32.0,291.0,756.0,1,0,0,0.0,88
Goalkeeper,0,0.0,0.0,0.0,0.0,0.0,0.0,0.0,0.0,0.0,6.0,29.0,0.0,0.0,0.0,0.0,0.0,0.0,0.0,0.0,0.0,0.0,0.0,0.0,0.0,1.0,1.0,0,554,26.38,0.0,0.0,0.0,171.0,65.0,1.0,13.0,30.0,5.0,9.0,73.0,174.0,0,0,0,0.0,21
Defender,14,11.0,0.0,3.0,0.0,0.0,0.0,0.0,3.0,0.0,29.0,270.0,306.0,5.0,18.0,304.0,1256.0,580.0,5.0,683.0,872.0,605.0,48.0,420.0,305.0,0.0,4.0,5,5675,31.7,10.0,41.0,2.0,371.0,0.0,0.0,0.0,0.0,0.0,0.0,0.0,0.0,47,2,171,2.0,179
Defender,2,0.0,0.0,2.0,0.0,0.0,0.0,0.0,1.0,0.0,27.0,151.0,216.0,1.0,10.0,177.0,606.0,348.0,1.0,387.0,590.0,345.0,21.0,305.0,199.0,2.0,2.0,0,3814,29.8,4.0,202.0,1.0,229.0,0.0,0.0,0.0,0.0,0.0,0.0,0.0,0.0,12,1,58,1.0,128
Defender,6,1.0,3.0,2.0,0.0,0.0,0.0,0.0,0.0,0.0,11.0,60.0,99.0,0.0,7.0,114.0,209.0,106.0,2.0,225.0,268.0,229.0,30.0,99.0,99.0,0.0,2.0,1,1755,38.15,1.0,29.0,5.0,228.0,0.0,0.0,0.0,0.0,0.0,0.0,0.0,0.0,17,0,57,3.0,46
Defender,6,6.0,0.0,0.0,0.0,0.0,0.0,0.0,0.0,0.0,30.0,123.0,90.0,5.0,3.0,123.0,645.0,364.0,2.0,546.0,489.0,275.0,15.0,343.0,171.0,0.0,4.0,1,3699,33.94,2.0,5.0,2.0,237.0,0.0,0.0,0.0,0.0,0.0,0.0,0.0,0.0,16,1,69,3.0,109
Defender,0,0.0,0.0,0.0,0.0,0.0,0.0,0.0,0.0,0.0,2.0,23.0,18.0,0.0,1.0,8.0,40.0,22.0,0.0,43.0,36.0,28.0,4.0,8.0,9.0,0.0,0.0,1,329,19.35,1.0,20.0,0.0,10.0,0.0,0.0,0.0,0.0,0.0,0.0,0.0,0.0,0,0,4,0.0,17
Defender,4,2.0,1.0,0.0,0.0,0.0,0.0,0.0,2.0,0.0,43.0,235.0,254.0,0.0,13.0,305.0,1070.0,633.0,0.0,756.0,777.0,578.0,24.0,399.0,295.0,4.0,3.0,7,7218,42.46,5.0,48.0,2.0,523.0,0.0,0.0,0.0,0.0,0.0,0.0,0.0,0.0,25,0,135,8.0,170
Defender,1,0.0,1.0,0.0,0.0,0.0,0.0,0.0,0.0,0.0,18.0,109.0,171.0,0.0,2.0,100.0,221.0,95.0,0.0,310.0,359.0,299.0,47.0,88.0,85.0,0.0,0.0,5,2235,24.29,4.0,168.0,1.0,79.0,0.0,0.0,0.0,0.0,0.0,0.0,0.0,0.0,15,0,72,11.0,92
Defender,2,1.0,1.0,0.0,0.0,0.0,0.0,0.0,0.0,0.0,19.0,121.0,169.0,2.0,5.0,107.0,269.0,110.0,3.0,385.0,398.0,390.0,60.0,109.0,134.0,2.0,0.0,5,2500,24.27,6.0,219.0,3.0,90.0,0.0,0.0,0.0,0.0,0.0,0.0,0.0,0.0,16,1,102,15.0,103
Defender,1,0.0,0.0,1.0,0.0,0.0,0.0,0.0,0.0,0.0,3.0,59.0,53.0,0.0,2.0,27.0,57.0,20.0,0.0,150.0,122.0,107.0,34.0,9.0,24.0,0.0,0.0,0,1101,36.7,1.0,48.0,1.0,33.0,0.0,0.0,0.0,0.0,0.0,0.0,0.0,0.0,5,0,16,2.0,30
Midfielder,1,0.0,1.0,0.0,0.0,0.0,24.0,8.0,0.0,1.0,0.0,0.0,19.0,0.0,7.0,7.0,15.0,3.0,0.0,97.0,76.0,120.0,37.0,11.0,27.0,0.0,0.0,2,325,9.56,4.0,56.0,1.0,11.0,0.0,0.0,0.0,0.0,0.0,0.0,0.0,0.0,0,0,12,1.0,34
Midfielder,20,1.0,16.0,3.0,2.0,1.0,374.0,114.0,12.0,17.0,0.0,0.0,261.0,0.0,105.0,198.0,175.0,61.0,0.0,1111.0,573.0,609.0,135.0,109.0,101.0,0.0,3.0,23,8878,41.29,30.0,610.0,67.0,976.0,0.0,0.0,0.0,0.0,0.0,0.0,0.0,0.0,33,4,178,12.0,215
Midfielder,11,1.0,1.0,9.0,1.0,0.0,206.0,51.0,5.0,7.0,0.0,0.0,193.0,0.0,76.0,150.0,173.0,80.0,0.0,637.0,507.0,649.0,58.0,113.0,211.0,0.0,1.0,20,4121,32.2,27.0,753.0,16.0,222.0,0.0,0.0,0.0,0.0,0.0,0.0,0.0,0.0,24,0,159,8.0,128
Midfielder,3,1.0,2.0,0.0,0.0,0.0,55.0,17.0,0.0,2.0,0.0,0.0,171.0,0.0,20.0,104.0,102.0,49.0,0.0,316.0,424.0,372.0,45.0,161.0,122.0,0.0,0.0,6,2149,26.21,9.0,66.0,6.0,69.0,0.0,0.0,0.0,0.0,0.0,0.0,0.0,0.0,15,2,92,2.0,82
Midfielder,4,0.0,2.0,2.0,0.0,0.0,76.0,25.0,2.0,11.0,0.0,0.0,81.0,0.0,25.0,39.0,20.0,8.0,0.0,256.0,222.0,205.0,53.0,11.0,37.0,0.0,0.0,3,1098,22.88,4.0,65.0,3.0,28.0,0.0,0.0,0.0,0.0,0.0,0.0,0.0,0.0,5,0,37,28.0,48
Midfielder,3,0.0,0.0,3.0,0.0,0.0,72.0,28.0,0.0,4.0,0.0,0.0,52.0,0.0,17.0,26.0,41.0,17.0,0.0,245.0,217.0,380.0,73.0,32.0,142.0,0.0,0.0,6,1096,13.7,12.0,117.0,8.0,24.0,0.0,0.0,0.0,0.0,0.0,0.0,0.0,0.0,5,0,34,14.0,80
Midfielder,2,0.0,1.0,1.0,0.0,0.0,33.0,9.0,1.0,0.0,0.0,0.0,52.0,0.0,10.0,29.0,28.0,8.0,0.0,119.0,123.0,134.0,12.0,26.0,33.0,0.0,1.0,1,925,28.03,3.0,36.0,1.0,64.0,0.0,0.0,0.0,0.0,0.0,0.0,0.0,0.0,4,1,24,0.0,33
Midfielder,2,0.0,2.0,0.0,0.0,0.0,4.0,2.0,1.0,0.0,0.0,0.0,3.0,0.0,1.0,5.0,3.0,1.0,0.0,38.0,17.0,29.0,3.0,6.0,5.0,0.0,0.0,0,255,28.33,1.0,2.0,1.0,10.0,0.0,0.0,0.0,0.0,0.0,0.0,0.0,0.0,1,0,6,0.0,9
Midfielder,10,1.0,8.0,1.0,0.0,0.0,99.0,25.0,0.0,7.0,0.0,0.0,91.0,0.0,38.0,80.0,93.0,45.0,0.0,510.0,349.0,520.0,84.0,94.0,147.0,0.0,0.0,6,3063,24.7,7.0,95.0,10.0,134.0,0.0,0.0,0.0,0.0,0.0,0.0,0.0,0.0,19,1,97,34.0,124
Midfielder,16,0.0,13.0,3.0,0.0,1.0,132.0,61.0,1.0,7.0,0.0,0.0,57.0,0.0,38.0,67.0,80.0,34.0,0.0,413.0,364.0,360.0,66.0,31.0,97.0,0.0,0.0,26,3469,28.67,41.0,711.0,16.0,94.0,0.0,0.0,0.0,0.0,0.0,0.0,0.0,0.0,7,0,40,14.0,121
Forward,53,24.0,6.0,23.0,2.0,1.0,534.0,172.0,12.0,49.0,0.0,0.0,103.0,0.0,107.0,74.0,323.0,195.0,0.0,0.0,0.0,0.0,0.0,0.0,0.0,0.0,0.0,22,4726,20.37,28.0,114.0,0.0,0.0,0.0,0.0,0.0,0.0,0.0,0.0,0.0,0.0,33,2,321,77.0,232
Forward,2,0.0,1.0,1.0,0.0,0.0,51.0,15.0,1.0,8.0,0.0,0.0,36.0,0.0,13.0,11.0,31.0,20.0,0.0,0.0,0.0,0.0,0.0,0.0,0.0,0.0,0.0,2,836,20.9,3.0,6.0,0.0,0.0,0.0,0.0,0.0,0.0,0.0,0.0,0.0,0.0,7,0,32,22.0,40
Forward,3,1.0,2.0,0.0,0.0,0.0,47.0,21.0,2.0,4.0,0.0,0.0,15.0,0.0,14.0,9.0,5.0,1.0,0.0,0.0,0.0,0.0,0.0,0.0,0.0,0.0,0.0,4,458,16.36,8.0,46.0,0.0,0.0,0.0,0.0,0.0,0.0,0.0,0.0,0.0,0.0,0,0,19,3.0,28
Forward,25,2.0,16.0,7.0,2.0,2.0,160.0,59.0,4.0,23.0,0.0,0.0,61.0,0.0,41.0,26.0,41.0,26.0,0.0,0.0,0.0,0.0,0.0,0.0,0.0,0.0,0.0,6,1201,10.09,6.0,64.0,0.0,0.0,0.0,0.0,0.0,0.0,0.0,0.0,0.0,0.0,8,1,77,34.0,119
Forward,42,7.0,26.0,7.0,5.0,0.0,226.0,91.0,5.0,42.0,0.0,0.0,41.0,0.0,47.0,19.0,48.0,31.0,0.0,0.0,0.0,0.0,0.0,0.0,0.0,0.0,0.0,12,1694,13.23,21.0,78.0,0.0,0.0,0.0,0.0,0.0,0.0,0.0,0.0,0.0,0.0,13,0,177,94.0,128
Goalkeeper,0,0.0,0.0,0.0,0.0,0.0,0.0,0.0,0.0,0.0,5.0,65.0,0.0,0.0,0.0,0.0,0.0,0.0,0.0,0.0,0.0,0.0,0.0,0.0,0.0,0.0,1.0,1,1000,25.64,0.0,0.0,0.0,220.0,132.0,1.0,17.0,21.0,6.0,13.0,188.0,312.0,0,0,0,0.0,39
Defender,2,0.0,2.0,0.0,0.0,0.0,0.0,0.0,0.0,0.0,13.0,42.0,64.0,0.0,4.0,36.0,70.0,36.0,0.0,177.0,192.0,182.0,42.0,41.0,60.0,0.0,1.0,3,1178,29.45,3.0,136.0,0.0,22.0,0.0,0.0,0.0,0.0,0.0,0.0,0.0,0.0,7,0,52,11.0,40
Defender,2,1.0,0.0,1.0,0.0,0.0,0.0,0.0,0.0,0.0,13.0,52.0,98.0,0.0,7.0,48.0,96.0,35.0,0.0,253.0,228.0,219.0,67.0,39.0,38.0,0.0,2.0,4,1670,35.53,9.0,135.0,2.0,82.0,0.0,0.0,0.0,0.0,0.0,0.0,0.0,0.0,8,0,46,2.0,47
Defender,0,0.0,0.0,0.0,0.0,0.0,0.0,0.0,0.0,0.0,12.0,31.0,26.0,1.0,3.0,44.0,151.0,80.0,0.0,192.0,190.0,124.0,9.0,140.0,76.0,0.0,1.0,1,1634,46.69,6.0,52.0,1.0,129.0,0.0,0.0,0.0,0.0,0.0,0.0,0.0,0.0,4,0,22,3.0,35
Defender,1,0.0,1.0,0.0,0.0,0.0,0.0,0.0,0.0,0.0,12.0,52.0,126.0,0.0,0.0,93.0,215.0,117.0,0.0,246.0,324.0,191.0,30.0,129.0,77.0,0.0,1.0,3,1656,27.15,2.0,65.0,0.0,97.0,0.0,0.0,0.0,0.0,0.0,0.0,0.0,0.0,5,0,39,5.0,61
Defender,2,1.0,1.0,0.0,0.0,0.0,0.0,0.0,0.0,0.0,12.0,32.0,46.0,1.0,14.0,58.0,168.0,79.0,0.0,181.0,204.0,133.0,1.0,138.0,80.0,0.0,1.0,0,1340,35.26,1.0,3.0,0.0,114.0,0.0,0.0,0.0,0.0,0.0,0.0,0.0,0.0,4,2,37,1.0,38
Defender,0,0.0,0.0,0.0,0.0,0.0,0.0,0.0,0.0,0.0,1.0,12.0,14.0,0.0,0.0,10.0,28.0,7.0,0.0,37.0,35.0,21.0,3.0,14.0,10.0,0.0,0.0,0,291,32.33,0.0,7.0,0.0,15.0,0.0,0.0,0.0,0.0,0.0,0.0,0.0,0.0,1,0,5,1.0,9
Defender,18,10.0,8.0,0.0,0.0,0.0,0.0,0.0,7.0,0.0,107.0,405.0,703.0,24.0,39.0,618.0,2974.0,1075.0,10.0,1626.0,1842.0,928.0,35.0,783.0,495.0,6.0,6.0,9,14775,40.37,8.0,131.0,11.0,1830.0,0.0,0.0,0.0,0.0,0.0,0.0,0.0,0.0,23,2,159,3.0,366
Midfielder,5,0.0,1.0,4.0,0.0,0.0,32.0,11.0,1.0,2.0,0.0,0.0,39.0,0.0,12.0,26.0,22.0,8.0,0.0,177.0,120.0,136.0,46.0,14.0,28.0,0.0,0.0,2,1047,32.72,5.0,158.0,3.0,38.0,0.0,0.0,0.0,0.0,0.0,0.0,0.0,0.0,8,0,27,1.0,32
Midfielder,5,0.0,4.0,1.0,0.0,0.0,44.0,11.0,1.0,5.0,0.0,0.0,47.0,0.0,10.0,34.0,44.0,23.0,0.0,165.0,105.0,148.0,19.0,26.0,36.0,0.0,0.0,3,1247,34.64,8.0,75.0,3.0,90.0,0.0,0.0,0.0,0.0,0.0,0.0,0.0,0.0,6,0,30,7.0,36
Midfielder,1,0.0,1.0,0.0,1.0,0.0,17.0,6.0,0.0,0.0,0.0,0.0,66.0,0.0,5.0,49.0,40.0,20.0,0.0,280.0,136.0,135.0,9.0,45.0,30.0,0.0,0.0,1,2062,52.87,6.0,205.0,1.0,239.0,0.0,0.0,0.0,0.0,0.0,0.0,0.0,0.0,8,0,32,1.0,39
Midfielder,0,0.0,0.0,0.0,0.0,0.0,3.0,1.0,0.0,0.0,0.0,0.0,15.0,0.0,1.0,6.0,6.0,2.0,0.0,45.0,31.0,38.0,4.0,6.0,9.0,0.0,0.0,0,244,17.43,1.0,18.0,0.0,8.0,0.0,0.0,0.0,0.0,0.0,0.0,0.0,0.0,0,0,9,1.0,14
Midfielder,1,0.0,1.0,0.0,0.0,0.0,7.0,2.0,0.0,1.0,0.0,0.0,24.0,0.0,2.0,11.0,16.0,11.0,0.0,62.0,85.0,53.0,16.0,38.0,18.0,0.0,0.0,1,412,25.75,1.0,23.0,0.0,14.0,0.0,0.0,0.0,0.0,0.0,0.0,0.0,0.0,0,0,19,1.0,16
Midfielder,10,4.0,3.0,3.0,0.0,0.0,210.0,58.0,2.0,13.0,0.0,0.0,212.0,0.0,63.0,113.0,227.0,79.0,0.0,482.0,470.0,423.0,49.0,148.0,114.0,0.0,2.0,4,3881,23.24,2.0,67.0,11.0,271.0,0.0,0.0,0.0,0.0,0.0,0.0,0.0,0.0,26,1,135,7.0,167
Midfielder,0,0.0,0.0,0.0,0.0,0.0,4.0,0.0,0.0,1.0,0.0,0.0,6.0,0.0,2.0,7.0,2.0,1.0,0.0,15.0,34.0,51.0,13.0,8.0,16.0,0.0,0.0,2,149,9.31,1.0,9.0,1.0,3.0,0.0,0.0,0.0,0.0,0.0,0.0,0.0,0.0,0,0,5,0.0,16
Forward,6,2.0,4.0,0.0,0.0,0.0,60.0,31.0,0.0,10.0,0.0,0.0,45.0,0.0,8.0,17.0,45.0,40.0,0.0,0.0,0.0,0.0,0.0,0.0,0.0,0.0,0.0,1,785,14.54,3.0,15.0,0.0,0.0,0.0,0.0,0.0,0.0,0.0,0.0,0.0,0.0,5,0,35,5.0,54
Forward,3,1.0,1.0,1.0,0.0,0.0,17.0,7.0,1.0,6.0,0.0,0.0,7.0,0.0,3.0,1.0,3.0,3.0,0.0,0.0,0.0,0.0,0.0,0.0,0.0,0.0,0.0,2,233,8.32,5.0,13.0,0.0,0.0,0.0,0.0,0.0,0.0,0.0,0.0,0.0,0.0,1,1,20,14.0,28
Forward,2,0.0,1.0,1.0,0.0,0.0,47.0,20.0,0.0,15.0,0.0,0.0,41.0,0.0,9.0,3.0,24.0,18.0,0.0,0.0,0.0,0.0,0.0,0.0,0.0,0.0,0.0,2,636,21.2,4.0,10.0,0.0,0.0,0.0,0.0,0.0,0.0,0.0,0.0,0.0,0.0,2,0,33,12.0,30
Forward,9,1.0,6.0,2.0,0.0,0.0,81.0,24.0,1.0,11.0,0.0,0.0,25.0,0.0,25.0,8.0,17.0,10.0,0.0,0.0,0.0,0.0,0.0,0.0,0.0,0.0,0.0,4,585,6.65,9.0,19.0,0.0,0.0,0.0,0.0,0.0,0.0,0.0,0.0,0.0,0.0,3,0,48,21.0,88
Goalkeeper,0,0.0,0.0,0.0,0.0,0.0,0.0,0.0,0.0,0.0,17.0,151.0,0.0,0.0,0.0,0.0,0.0,0.0,0.0,0.0,0.0,0.0,0.0,0.0,0.0,0.0,8.0,0,2325,24.22,0.0,0.0,0.0,628.0,314.0,1.0,59.0,90.0,24.0,28.0,310.0,786.0,3,0,1,0.0,96
Goalkeeper,0,0.0,0.0,0.0,0.0,0.0,0.0,0.0,0.0,0.0,5.0,43.0,0.0,0.0,0.0,0.0,0.0,0.0,0.0,0.0,0.0,0.0,0.0,0.0,0.0,0.0,3.0,0,520,23.64,0.0,0.0,0.0,117.0,63.0,1.0,5.0,6.0,4.0,12.0,44.0,168.0,0,0,0,0.0,22
Goalkeeper,0,0.0,0.0,0.0,0.0,0.0,0.0,0.0,0.0,0.0,37.0,119.0,0.0,0.0,0.0,0.0,0.0,0.0,0.0,0.0,0.0,0.0,0.0,0.0,0.0,0.0,7.0,0,2515,23.5,0.0,0.0,0.0,773.0,259.0,2.0,31.0,81.0,26.0,21.0,295.0,802.0,4,0,0,0.0,107
Defender,1,1.0,0.0,0.0,0.0,0.0,0.0,0.0,1.0,0.0,8.0,57.0,74.0,0.0,5.0,62.0,273.0,155.0,0.0,208.0,280.0,150.0,14.0,169.0,82.0,0.0,1.0,0,1709,39.74,3.0,2.0,3.0,98.0,0.0,0.0,0.0,0.0,0.0,0.0,0.0,0.0,5,0,27,1.0,43
Defender,4,2.0,1.0,1.0,0.0,0.0,0.0,0.0,1.0,0.0,21.0,136.0,123.0,3.0,4.0,136.0,396.0,204.0,0.0,513.0,381.0,324.0,37.0,185.0,183.0,0.0,1.0,4,3850,41.4,3.0,20.0,5.0,237.0,0.0,0.0,0.0,0.0,0.0,0.0,0.0,0.0,16,2,55,3.0,93
Defender,7,1.0,2.0,4.0,0.0,0.0,0.0,0.0,3.0,0.0,59.0,299.0,338.0,1.0,34.0,331.0,396.0,185.0,4.0,897.0,987.0,897.0,104.0,322.0,317.0,0.0,0.0,15,8783,38.02,29.0,817.0,9.0,309.0,0.0,0.0,0.0,0.0,0.0,0.0,0.0,0.0,31,2,211,10.0,231
Defender,2,0.0,1.0,1.0,0.0,0.0,0.0,0.0,0.0,0.0,11.0,105.0,113.0,2.0,3.0,154.0,390.0,186.0,2.0,327.0,351.0,239.0,4.0,217.0,125.0,1.0,3.0,2,2655,40.23,2.0,2.0,3.0,140.0,0.0,0.0,0.0,0.0,0.0,0.0,0.0,0.0,12,0,58,0.0,66
Defender,2,0.0,1.0,1.0,0.0,0.0,0.0,0.0,0.0,0.0,3.0,49.0,62.0,0.0,2.0,35.0,86.0,29.0,0.0,121.0,176.0,202.0,38.0,62.0,71.0,0.0,3.0,1,621,18.26,2.0,66.0,1.0,20.0,0.0,0.0,0.0,0.0,0.0,0.0,0.0,0.0,4,1,34,5.0,34
Defender,0,0.0,0.0,0.0,0.0,0.0,0.0,0.0,0.0,0.0,5.0,26.0,41.0,1.0,2.0,28.0,36.0,16.0,0.0,116.0,137.0,101.0,37.0,17.0,37.0,0.0,0.0,6,925,38.54,5.0,38.0,0.0,22.0,0.0,0.0,0.0,0.0,0.0,0.0,0.0,0.0,3,0,14,3.0,24
Midfielder,2,0.0,2.0,0.0,0.0,0.0,22.0,8.0,1.0,3.0,0.0,0.0,28.0,0.0,4.0,10.0,9.0,3.0,0.0,52.0,117.0,102.0,49.0,6.0,19.0,0.0,0.0,2,266,13.3,3.0,21.0,1.0,5.0,0.0,0.0,0.0,0.0,0.0,0.0,0.0,0.0,4,1,26,3.0,20
Midfielder,4,0.0,3.0,1.0,0.0,0.0,113.0,23.0,1.0,3.0,0.0,0.0,471.0,0.0,38.0,328.0,254.0,104.0,0.0,1118.0,1000.0,921.0,94.0,304.0,286.0,0.0,0.0,0,7889,43.11,12.0,20.0,9.0,434.0,0.0,0.0,0.0,0.0,0.0,0.0,0.0,0.0,49,0,253,5.0,183
Midfielder,22,0.0,18.0,4.0,4.0,6.0,249.0,102.0,5.0,15.0,0.0,0.0,262.0,0.0,71.0,188.0,249.0,134.0,0.0,914.0,613.0,874.0,49.0,182.0,303.0,0.0,0.0,22,6946,29.81,36.0,1110.0,17.0,294.0,0.0,0.0,0.0,0.0,0.0,0.0,0.0,0.0,28,1,193,5.0,233
Midfielder,8,0.0,6.0,2.0,0.0,0.0,79.0,32.0,0.0,4.0,0.0,0.0,61.0,0.0,23.0,23.0,34.0,13.0,0.0,189.0,184.0,241.0,51.0,31.0,52.0,0.0,0.0,5,1230,20.5,3.0,48.0,2.0,34.0,0.0,0.0,0.0,0.0,0.0,0.0,0.0,0.0,6,0,47,7.0,60
Midfielder,3,0.0,1.0,2.0,0.0,0.0,73.0,20.0,0.0,2.0,0.0,0.0,91.0,0.0,28.0,15.0,9.0,3.0,0.0,212.0,371.0,410.0,187.0,23.0,37.0,0.0,0.0,4,1328,18.97,9.0,101.0,9.0,36.0,0.0,0.0,0.0,0.0,0.0,0.0,0.0,0.0,8,0,77,5.0,70
Midfielder,25,1.0,20.0,3.0,0.0,0.0,382.0,129.0,14.0,15.0,0.0,0.0,253.0,0.0,108.0,113.0,74.0,22.0,0.0,901.0,924.0,1114.0,415.0,69.0,187.0,0.0,1.0,18,5788,27.83,37.0,525.0,27.0,243.0,0.0,0.0,0.0,0.0,0.0,0.0,0.0,0.0,12,1,155,48.0,208
Midfielder,0,0.0,0.0,0.0,0.0,0.0,6.0,0.0,1.0,0.0,0.0,0.0,13.0,0.0,2.0,3.0,1.0,1.0,0.0,0.0,0.0,0.0,0.0,0.0,0.0,0.0,0.0,2,248,22.55,0.0,9.0,0.0,0.0,0.0,0.0,0.0,0.0,0.0,0.0,0.0,0.0,0,0,4,0.0,11
Forward,55,14.0,28.0,12.0,1.0,0.0,403.0,161.0,17.0,64.0,0.0,0.0,230.0,0.0,53.0,125.0,181.0,113.0,0.0,0.0,0.0,0.0,0.0,0.0,0.0,0.0,0.0,23,4540,14.1,25.0,307.0,0.0,0.0,0.0,0.0,0.0,0.0,0.0,0.0,0.0,0.0,28,0,395,186.0,322
Forward,45,7.0,24.0,13.0,6.0,0.0,268.0,108.0,10.0,26.0,0.0,0.0,106.0,0.0,65.0,37.0,45.0,26.0,0.0,0.0,0.0,0.0,0.0,0.0,0.0,0.0,0.0,9,1938,17.15,14.0,94.0,0.0,0.0,0.0,0.0,0.0,0.0,0.0,0.0,0.0,0.0,11,0,91,43.0,113
Forward,4,0.0,4.0,0.0,0.0,0.0,41.0,13.0,1.0,11.0,0.0,0.0,6.0,0.0,15.0,2.0,9.0,3.0,0.0,0.0,0.0,0.0,0.0,0.0,0.0,0.0,0.0,2,282,8.81,5.0,13.0,0.0,0.0,0.0,0.0,0.0,0.0,0.0,0.0,0.0,0.0,1,0,20,11.0,32
Forward,4,0.0,3.0,1.0,0.0,0.0,20.0,8.0,0.0,4.0,0.0,0.0,8.0,0.0,7.0,7.0,0.0,0.0,0.0,0.0,0.0,0.0,0.0,0.0,0.0,0.0,0.0,3,156,5.57,3.0,3.0,0.0,0.0,0.0,0.0,0.0,0.0,0.0,0.0,0.0,0.0,2,0,13,4.0,28
Goalkeeper,0,0.0,0.0,0.0,0.0,0.0,0.0,0.0,0.0,0.0,92.0,277.0,0.0,0.0,0.0,0.0,0.0,0.0,0.0,0.0,0.0,0.0,0.0,0.0,0.0,0.0,18.0,0,6702,25.58,0.0,0.0,0.0,1543.0,703.0,5.0,177.0,210.0,96.0,257.0,1234.0,1888.0,3,0,3,0.0,262
Goalkeeper,0,0.0,0.0,0.0,0.0,0.0,0.0,0.0,0.0,0.0,6.0,61.0,0.0,0.0,0.0,0.0,0.0,0.0,0.0,0.0,0.0,0.0,0.0,0.0,0.0,0.0,7.0,0,982,22.84,0.0,0.0,0.0,221.0,127.0,1.0,18.0,36.0,17.0,31.0,162.0,359.0,1,0,1,0.0,43
Goalkeeper,0,0.0,0.0,0.0,0.0,0.0,0.0,0.0,0.0,0.0,127.0,383.0,0.0,0.0,0.0,0.0,0.0,0.0,0.0,0.0,0.0,0.0,0.0,0.0,0.0,0.0,20.0,1,6733,19.8,0.0,0.0,0.0,1800.0,941.0,7.0,269.0,391.0,249.0,180.0,1516.0,2806.0,7,0,6,0.0,340
Defender,8,5.0,2.0,1.0,0.0,0.0,0.0,0.0,3.0,0.0,60.0,158.0,226.0,2.0,27.0,183.0,976.0,462.0,4.0,824.0,556.0,442.0,26.0,282.0,266.0,2.0,1.0,4,10036,57.02,5.0,57.0,22.0,1081.0,0.0,0.0,0.0,0.0,0.0,0.0,0.0,0.0,20,0,68,3.0,176
Defender,1,1.0,0.0,0.0,0.0,0.0,0.0,0.0,0.0,0.0,23.0,81.0,122.0,3.0,5.0,102.0,384.0,193.0,0.0,430.0,379.0,305.0,18.0,199.0,159.0,1.0,1.0,1,4901,58.35,1.0,5.0,0.0,249.0,0.0,0.0,0.0,0.0,0.0,0.0,0.0,0.0,9,1,73,1.0,84
Defender,1,1.0,0.0,0.0,0.0,0.0,0.0,0.0,0.0,0.0,3.0,14.0,38.0,1.0,0.0,11.0,50.0,28.0,0.0,62.0,96.0,59.0,21.0,28.0,20.0,0.0,2.0,0,642,40.12,2.0,2.0,1.0,23.0,0.0,0.0,0.0,0.0,0.0,0.0,0.0,0.0,4,1,18,0.0,16
Defender,3,1.0,1.0,1.0,0.0,0.0,0.0,0.0,0.0,0.0,12.0,53.0,162.0,1.0,10.0,85.0,149.0,93.0,0.0,285.0,394.0,328.0,62.0,130.0,108.0,1.0,1.0,9,2326,40.1,11.0,229.0,1.0,64.0,0.0,0.0,0.0,0.0,0.0,0.0,0.0,0.0,4,2,79,9.0,58
Defender,6,0.0,1.0,5.0,0.0,0.0,0.0,0.0,2.0,0.0,51.0,203.0,390.0,2.0,32.0,263.0,625.0,310.0,1.0,689.0,957.0,842.0,79.0,343.0,346.0,0.0,0.0,15,8593,42.75,20.0,587.0,5.0,327.0,0.0,0.0,0.0,0.0,0.0,0.0,0.0,0.0,26,0,162,4.0,201
Defender,0,0.0,0.0,0.0,0.0,0.0,0.0,0.0,0.0,0.0,2.0,7.0,17.0,0.0,1.0,11.0,29.0,21.0,1.0,27.0,45.0,32.0,6.0,18.0,11.0,0.0,1.0,0,201,33.5,0.0,2.0,0.0,6.0,0.0,0.0,0.0,0.0,0.0,0.0,0.0,0.0,1,0,8,0.0,6
Defender,8,3.0,1.0,4.0,0.0,0.0,0.0,0.0,2.0,0.0,19.0,75.0,128.0,1.0,16.0,103.0,137.0,96.0,1.0,333.0,508.0,388.0,50.0,288.0,205.0,1.0,0.0,8,2970,38.57,11.0,108.0,4.0,103.0,0.0,0.0,0.0,0.0,0.0,0.0,0.0,0.0,7,0,63,6.0,77
Midfielder,2,1.0,1.0,0.0,0.0,0.0,32.0,6.0,1.0,1.0,0.0,0.0,88.0,0.0,8.0,73.0,64.0,24.0,0.0,394.0,230.0,237.0,51.0,33.0,33.0,0.0,0.0,2,4198,43.73,3.0,54.0,11.0,199.0,0.0,0.0,0.0,0.0,0.0,0.0,0.0,0.0,14,0,59,2.0,96
Midfielder,16,2.0,1.0,12.0,0.0,0.0,203.0,69.0,8.0,16.0,0.0,0.0,247.0,0.0,72.0,103.0,32.0,17.0,0.0,546.0,633.0,869.0,192.0,38.0,124.0,0.0,0.0,23,4019,25.93,28.0,374.0,36.0,90.0,0.0,0.0,0.0,0.0,0.0,0.0,0.0,0.0,26,0,213,28.0,155
Midfielder,10,4.0,5.0,1.0,0.0,0.0,114.0,27.0,2.0,6.0,0.0,0.0,286.0,0.0,32.0,257.0,530.0,316.0,0.0,729.0,822.0,703.0,53.0,418.0,305.0,0.0,6.0,8,9661,54.89,11.0,121.0,16.0,648.0,0.0,0.0,0.0,0.0,0.0,0.0,0.0,0.0,33,0,164,6.0,176
Midfielder,14,1.0,12.0,1.0,0.0,0.0,216.0,69.0,3.0,18.0,0.0,0.0,280.0,0.0,54.0,163.0,176.0,104.0,0.0,1273.0,1069.0,1390.0,386.0,240.0,332.0,0.0,1.0,24,8466,36.03,34.0,459.0,60.0,257.0,0.0,0.0,0.0,0.0,0.0,0.0,0.0,0.0,36,2,276,24.0,235
Midfielder,2,0.0,1.0,1.0,0.0,0.0,29.0,11.0,1.0,9.0,0.0,0.0,29.0,0.0,6.0,22.0,48.0,19.0,0.0,156.0,113.0,177.0,36.0,24.0,45.0,0.0,0.0,6,846,20.63,6.0,79.0,5.0,18.0,0.0,0.0,0.0,0.0,0.0,0.0,0.0,0.0,0,0,24,17.0,41
Midfielder,50,9.0,31.0,10.0,2.0,0.0,319.0,128.0,7.0,37.0,0.0,0.0,237.0,0.0,82.0,127.0,99.0,57.0,0.0,750.0,817.0,1078.0,183.0,121.0,184.0,0.0,1.0,33,5517,35.14,44.0,76.0,67.0,167.0,0.0,0.0,0.0,0.0,0.0,0.0,0.0,0.0,24,0,178,31.0,157
Midfielder,2,0.0,1.0,1.0,0.0,0.0,9.0,4.0,0.0,0.0,0.0,0.0,24.0,0.0,3.0,14.0,8.0,3.0,0.0,83.0,102.0,72.0,40.0,8.0,9.0,0.0,0.0,2,672,29.22,1.0,13.0,4.0,19.0,0.0,0.0,0.0,0.0,0.0,0.0,0.0,0.0,4,0,15,0.0,23
Midfielder,0,0.0,0.0,0.0,0.0,0.0,1.0,0.0,0.0,0.0,0.0,0.0,2.0,0.0,1.0,1.0,0.0,0.0,0.0,7.0,6.0,9.0,2.0,0.0,1.0,0.0,0.0,0,39,5.57,0.0,7.0,0.0,0.0,0.0,0.0,0.0,0.0,0.0,0.0,0.0,0.0,0,0,0,0.0,7
Midfielder,4,0.0,3.0,1.0,0.0,0.0,143.0,40.0,4.0,8.0,0.0,0.0,245.0,0.0,34.0,177.0,131.0,68.0,0.0,939.0,639.0,605.0,100.0,153.0,115.0,0.0,2.0,4,5860,52.79,4.0,89.0,20.0,315.0,0.0,0.0,0.0,0.0,0.0,0.0,0.0,0.0,21,2,149,2.0,111
Midfielder,0,0.0,0.0,0.0,0.0,0.0,19.0,3.0,0.0,1.0,0.0,0.0,51.0,0.0,7.0,9.0,17.0,8.0,0.0,124.0,140.0,151.0,33.0,9.0,22.0,0.0,0.0,2,995,34.31,1.0,57.0,8.0,44.0,0.0,0.0,0.0,0.0,0.0,0.0,0.0,0.0,7,0,30,0.0,29
Forward,14,2.0,10.0,2.0,0.0,0.0,108.0,37.0,1.0,17.0,0.0,0.0,95.0,0.0,29.0,42.0,51.0,40.0,0.0,0.0,0.0,0.0,0.0,0.0,0.0,0.0,0.0,5,1653,22.04,7.0,43.0,0.0,0.0,0.0,0.0,0.0,0.0,0.0,0.0,0.0,0.0,6,0,62,20.0,75
Forward,57,3.0,31.0,23.0,0.0,0.0,354.0,151.0,11.0,27.0,0.0,0.0,110.0,0.0,96.0,57.0,43.0,18.0,0.0,0.0,0.0,0.0,0.0,0.0,0.0,0.0,0.0,29,3731,23.03,32.0,242.0,0.0,0.0,0.0,0.0,0.0,0.0,0.0,0.0,0.0,0.0,4,2,65,99.0,162
Forward,144,22.0,88.0,33.0,20.0,1.0,783.0,354.0,22.0,85.0,0.0,0.0,139.0,0.0,190.0,59.0,147.0,111.0,0.0,0.0,0.0,0.0,0.0,0.0,0.0,0.0,0.0,24,4408,20.79,38.0,178.0,0.0,0.0,0.0,0.0,0.0,0.0,0.0,0.0,0.0,0.0,26,0,208,160.0,212
Forward,3,0.0,3.0,0.0,0.0,0.0,9.0,4.0,0.0,0.0,0.0,0.0,10.0,0.0,3.0,1.0,5.0,1.0,0.0,0.0,0.0,0.0,0.0,0.0,0.0,0.0,0.0,1,265,16.56,1.0,10.0,0.0,0.0,0.0,0.0,0.0,0.0,0.0,0.0,0.0,0.0,2,0,9,0.0,16
Forward,42,4.0,5.0,32.0,0.0,3.0,435.0,161.0,16.0,21.0,0.0,0.0,220.0,0.0,113.0,240.0,295.0,77.0,0.0,0.0,0.0,0.0,0.0,0.0,0.0,0.0,0.0,20,4663,31.94,32.0,1021.0,0.0,0.0,0.0,0.0,0.0,0.0,0.0,0.0,0.0,0.0,15,1,86,30.0,146
Defender,2,0.0,0.0,2.0,0.0,0.0,0.0,0.0,1.0,0.0,35.0,154.0,332.0,3.0,20.0,307.0,496.0,243.0,3.0,715.0,757.0,640.0,127.0,239.0,260.0,1.0,1.0,9,6012,34.95,13.0,429.0,11.0,162.0,0.0,0.0,0.0,0.0,0.0,0.0,0.0,0.0,17,2,112,13.0,172
Defender,0,0.0,0.0,0.0,0.0,0.0,0.0,0.0,0.0,0.0,1.0,35.0,32.0,1.0,2.0,26.0,115.0,63.0,1.0,59.0,95.0,50.0,5.0,46.0,22.0,0.0,1.0,0,776,33.74,0.0,3.0,0.0,44.0,0.0,0.0,0.0,0.0,0.0,0.0,0.0,0.0,6,0,22,2.0,23
Defender,2,2.0,0.0,0.0,0.0,0.0,0.0,0.0,0.0,0.0,10.0,55.0,58.0,0.0,0.0,60.0,270.0,152.0,1.0,183.0,192.0,145.0,22.0,103.0,84.0,0.0,1.0,0,1186,31.21,0.0,10.0,1.0,135.0,0.0,0.0,0.0,0.0,0.0,0.0,0.0,0.0,4,0,24,2.0,38
Defender,0,0.0,0.0,0.0,0.0,0.0,0.0,0.0,0.0,0.0,5.0,26.0,39.0,0.0,0.0,18.0,53.0,29.0,1.0,70.0,78.0,54.0,3.0,30.0,26.0,0.0,0.0,0,342,17.1,0.0,6.0,0.0,21.0,0.0,0.0,0.0,0.0,0.0,0.0,0.0,0.0,4,0,15,0.0,20
Defender,22,7.0,13.0,2.0,0.0,0.0,0.0,0.0,8.0,0.0,86.0,236.0,528.0,6.0,40.0,393.0,1137.0,533.0,5.0,1154.0,1427.0,915.0,106.0,587.0,325.0,0.0,2.0,20,9871,37.82,20.0,520.0,12.0,660.0,0.0,0.0,0.0,0.0,0.0,0.0,0.0,0.0,55,2,293,18.0,261
Midfielder,7,0.0,6.0,1.0,0.0,0.0,129.0,32.0,7.0,1.0,0.0,0.0,363.0,0.0,41.0,227.0,164.0,62.0,0.0,903.0,633.0,665.0,81.0,108.0,140.0,0.0,0.0,9,6813,37.85,11.0,56.0,20.0,482.0,0.0,0.0,0.0,0.0,0.0,0.0,0.0,0.0,30,1,199,3.0,180
Midfielder,10,2.0,6.0,2.0,0.0,0.0,150.0,39.0,2.0,8.0,0.0,0.0,100.0,0.0,40.0,70.0,83.0,32.0,0.0,408.0,435.0,648.0,175.0,114.0,171.0,0.0,0.0,22,1831,16.65,23.0,536.0,9.0,60.0,0.0,0.0,0.0,0.0,0.0,0.0,0.0,0.0,6,0,57,20.0,110
Midfielder,0,0.0,0.0,0.0,0.0,0.0,24.0,7.0,1.0,1.0,0.0,0.0,4.0,0.0,4.0,8.0,6.0,3.0,0.0,36.0,21.0,59.0,13.0,1.0,11.0,0.0,0.0,4,251,16.73,5.0,84.0,0.0,1.0,0.0,0.0,0.0,0.0,0.0,0.0,0.0,0.0,1,0,12,6.0,15
Midfielder,1,0.0,0.0,1.0,0.0,0.0,6.0,1.0,0.0,0.0,0.0,0.0,21.0,0.0,4.0,15.0,9.0,7.0,0.0,56.0,47.0,55.0,4.0,12.0,14.0,0.0,0.0,0,275,13.75,0.0,15.0,0.0,17.0,0.0,0.0,0.0,0.0,0.0,0.0,0.0,0.0,5,0,16,0.0,20
Midfielder,1,0.0,0.0,1.0,0.0,0.0,13.0,5.0,0.0,0.0,0.0,0.0,23.0,0.0,3.0,4.0,5.0,3.0,0.0,49.0,72.0,85.0,25.0,9.0,22.0,0.0,0.0,1,298,15.68,3.0,14.0,0.0,4.0,0.0,0.0,0.0,0.0,0.0,0.0,0.0,0.0,0,0,4,2.0,19
Forward,12,3.0,2.0,7.0,1.0,0.0,73.0,28.0,2.0,5.0,0.0,0.0,21.0,0.0,17.0,29.0,34.0,20.0,0.0,0.0,0.0,0.0,0.0,0.0,0.0,0.0,0.0,3,682,8.97,2.0,101.0,0.0,0.0,0.0,0.0,0.0,0.0,0.0,0.0,0.0,0.0,5,1,76,13.0,76
Forward,1,0.0,0.0,1.0,0.0,0.0,17.0,8.0,0.0,2.0,0.0,0.0,3.0,0.0,4.0,2.0,5.0,5.0,0.0,0.0,0.0,0.0,0.0,0.0,0.0,0.0,0.0,1,136,7.16,1.0,7.0,0.0,0.0,0.0,0.0,0.0,0.0,0.0,0.0,0.0,0.0,1,0,13,4.0,19
Forward,34,11.0,20.0,3.0,6.0,0.0,255.0,106.0,6.0,34.0,0.0,0.0,62.0,0.0,78.0,17.0,84.0,52.0,0.0,0.0,0.0,0.0,0.0,0.0,0.0,0.0,0.0,8,1500,14.15,7.0,54.0,0.0,0.0,0.0,0.0,0.0,0.0,0.0,0.0,0.0,0.0,8,1,83,68.0,106
Forward,1,0.0,1.0,0.0,0.0,0.0,14.0,5.0,0.0,1.0,0.0,0.0,7.0,0.0,3.0,7.0,3.0,3.0,0.0,0.0,0.0,0.0,0.0,0.0,0.0,0.0,0.0,1,190,8.64,2.0,22.0,0.0,0.0,0.0,0.0,0.0,0.0,0.0,0.0,0.0,0.0,1,0,13,5.0,22
Goalkeeper,0,0.0,0.0,0.0,0.0,0.0,0.0,0.0,0.0,0.0,63.0,349.0,0.0,0.0,0.0,0.0,0.0,0.0,0.0,0.0,0.0,0.0,0.0,0.0,0.0,0.0,17.0,2,6328,25.72,0.0,0.0,0.0,1895.0,807.0,6.0,155.0,357.0,101.0,123.0,1260.0,2016.0,4,1,6,0.0,246
Goalkeeper,0,0.0,0.0,0.0,0.0,0.0,0.0,0.0,0.0,0.0,6.0,58.0,0.0,0.0,0.0,0.0,0.0,0.0,0.0,0.0,0.0,0.0,0.0,0.0,0.0,0.0,5.0,0,839,27.06,0.0,0.0,0.0,309.0,85.0,1.0,6.0,33.0,8.0,15.0,97.0,262.0,1,0,0,0.0,31
Defender,8,0.0,1.0,7.0,0.0,0.0,0.0,0.0,5.0,0.0,40.0,273.0,212.0,1.0,28.0,230.0,515.0,256.0,5.0,855.0,645.0,584.0,60.0,260.0,208.0,0.0,6.0,18,6957,36.62,27.0,752.0,6.0,506.0,0.0,0.0,0.0,0.0,0.0,0.0,0.0,0.0,23,1,88,18.0,190
Defender,2,0.0,2.0,0.0,0.0,0.0,0.0,0.0,1.0,0.0,8.0,56.0,57.0,1.0,5.0,79.0,243.0,125.0,0.0,167.0,188.0,165.0,3.0,124.0,99.0,0.0,2.0,0,1335,33.38,1.0,2.0,2.0,86.0,0.0,0.0,0.0,0.0,0.0,0.0,0.0,0.0,4,0,25,0.0,40
Defender,4,2.0,0.0,1.0,0.0,0.0,0.0,0.0,1.0,0.0,28.0,207.0,171.0,1.0,10.0,208.0,689.0,367.0,0.0,585.0,626.0,377.0,27.0,373.0,227.0,1.0,2.0,1,4633,33.82,2.0,9.0,3.0,342.0,0.0,0.0,0.0,0.0,0.0,0.0,0.0,0.0,16,0,88,1.0,137
Defender,4,3.0,1.0,0.0,0.0,0.0,0.0,0.0,0.0,0.0,11.0,101.0,97.0,1.0,2.0,114.0,326.0,157.0,0.0,330.0,291.0,176.0,11.0,157.0,90.0,1.0,2.0,1,2212,33.01,3.0,1.0,0.0,107.0,0.0,0.0,0.0,0.0,0.0,0.0,0.0,0.0,12,0,49,4.0,67
Defender,1,0.0,1.0,0.0,0.0,0.0,0.0,0.0,0.0,0.0,9.0,59.0,122.0,1.0,4.0,41.0,109.0,54.0,2.0,170.0,234.0,169.0,23.0,59.0,52.0,0.0,1.0,4,1358,30.86,5.0,89.0,0.0,47.0,0.0,0.0,0.0,0.0,0.0,0.0,0.0,0.0,14,0,38,2.0,44
Defender,0,0.0,0.0,0.0,0.0,0.0,0.0,0.0,0.0,0.0,12.0,102.0,196.0,0.0,5.0,102.0,140.0,69.0,0.0,458.0,506.0,419.0,180.0,74.0,70.0,0.0,0.0,6,2578,31.83,7.0,197.0,4.0,128.0,0.0,0.0,0.0,0.0,0.0,0.0,0.0,0.0,12,1,72,2.0,81
Midfielder,10,0.0,7.0,3.0,0.0,0.0,81.0,33.0,3.0,5.0,0.0,0.0,136.0,0.0,25.0,63.0,22.0,8.0,0.0,339.0,366.0,387.0,139.0,16.0,45.0,0.0,0.0,8,2567,40.75,14.0,155.0,27.0,127.0,0.0,0.0,0.0,0.0,0.0,0.0,0.0,0.0,4,0,44,7.0,63
Midfielder,20,1.0,15.0,4.0,2.0,1.0,195.0,61.0,2.0,11.0,0.0,0.0,123.0,0.0,56.0,118.0,30.0,7.0,0.0,682.0,533.0,513.0,256.0,20.0,61.0,0.0,1.0,13,5096,41.77,18.0,257.0,24.0,136.0,0.0,0.0,0.0,0.0,0.0,0.0,0.0,0.0,19,0,50,20.0,122
Midfielder,26,2.0,1.0,23.0,2.0,6.0,250.0,88.0,7.0,16.0,0.0,0.0,265.0,0.0,78.0,106.0,105.0,36.0,0.0,623.0,864.0,1119.0,154.0,158.0,271.0,0.0,0.0,23,4715,29.47,35.0,1090.0,36.0,135.0,0.0,0.0,0.0,0.0,0.0,0.0,0.0,0.0,30,0,199,27.0,160
Midfielder,46,0.0,44.0,2.0,27.0,2.0,332.0,114.0,7.0,3.0,0.0,0.0,860.0,0.0,91.0,566.0,264.0,71.0,0.0,2330.0,1607.0,1534.0,243.0,99.0,131.0,0.0,3.0,35,17862,46.64,35.0,958.0,105.0,1484.0,0.0,0.0,0.0,0.0,0.0,0.0,0.0,0.0,81,5,380,27.0,383
Midfielder,2,0.0,2.0,0.0,0.0,0.0,37.0,11.0,1.0,2.0,0.0,0.0,47.0,0.0,10.0,26.0,8.0,3.0,0.0,160.0,92.0,158.0,17.0,10.0,49.0,0.0,0.0,5,893,23.5,4.0,63.0,6.0,41.0,0.0,0.0,0.0,0.0,0.0,0.0,0.0,0.0,3,0,19,7.0,38
Midfielder,8,1.0,2.0,5.0,0.0,0.0,140.0,50.0,10.0,12.0,0.0,0.0,217.0,0.0,43.0,153.0,53.0,12.0,0.0,915.0,926.0,793.0,339.0,59.0,60.0,0.0,1.0,18,7494,41.18,32.0,239.0,156.0,364.0,0.0,0.0,0.0,0.0,0.0,0.0,0.0,0.0,36,2,169,10.0,182
Midfielder,3,1.0,2.0,0.0,0.0,0.0,59.0,14.0,3.0,3.0,0.0,0.0,254.0,0.0,15.0,160.0,180.0,83.0,0.0,681.0,489.0,362.0,79.0,141.0,115.0,0.0,1.0,3,3942,39.03,2.0,39.0,4.0,275.0,0.0,0.0,0.0,0.0,0.0,0.0,0.0,0.0,11,0,64,3.0,101
Forward,37,18.0,15.0,5.0,1.0,0.0,307.0,117.0,13.0,35.0,0.0,0.0,120.0,0.0,72.0,126.0,123.0,57.0,0.0,479.0,926.0,1066.0,297.0,316.0,413.0,0.0,2.0,14,2689,19.92,21.0,322.0,17.0,117.0,0.0,0.0,0.0,0.0,0.0,0.0,0.0,0.0,14,1,153,60.0,135
Forward,7,0.0,0.0,7.0,0.0,0.0,38.0,17.0,1.0,3.0,0.0,0.0,18.0,0.0,8.0,8.0,7.0,3.0,0.0,0.0,0.0,0.0,0.0,0.0,0.0,0.0,0.0,1,626,18.41,7.0,35.0,0.0,0.0,0.0,0.0,0.0,0.0,0.0,0.0,0.0,0.0,5,0,25,9.0,34
Forward,1,0.0,0.0,1.0,0.0,0.0,32.0,7.0,2.0,3.0,0.0,0.0,24.0,0.0,14.0,19.0,4.0,1.0,0.0,0.0,0.0,0.0,0.0,0.0,0.0,0.0,0.0,4,328,14.91,4.0,71.0,0.0,0.0,0.0,0.0,0.0,0.0,0.0,0.0,0.0,0.0,0,0,8,1.0,22
Forward,7,0.0,5.0,2.0,0.0,0.0,58.0,28.0,0.0,6.0,0.0,0.0,22.0,0.0,10.0,8.0,26.0,22.0,0.0,0.0,0.0,0.0,0.0,0.0,0.0,0.0,0.0,1,779,22.91,2.0,8.0,0.0,0.0,0.0,0.0,0.0,0.0,0.0,0.0,0.0,0.0,1,0,49,19.0,34
Goalkeeper,0,0.0,0.0,0.0,0.0,0.0,0.0,0.0,0.0,0.0,21.0,89.0,0.0,0.0,0.0,0.0,0.0,0.0,0.0,0.0,0.0,0.0,0.0,0.0,0.0,0.0,3.0,0,1530,19.87,0.0,0.0,0.0,550.0,195.0,2.0,13.0,32.0,17.0,5.0,244.0,581.0,0,0,0,0.0,77
Goalkeeper,0,0.0,0.0,0.0,0.0,0.0,0.0,0.0,0.0,0.0,25.0,190.0,0.0,0.0,0.0,0.0,0.0,0.0,0.0,0.0,0.0,0.0,0.0,0.0,0.0,0.0,12.0,0,2580,21.68,0.0,0.0,0.0,736.0,389.0,2.0,51.0,175.0,76.0,69.0,484.0,1098.0,3,1,1,0.0,119
Defender,4,3.0,0.0,0.0,0.0,0.0,0.0,0.0,0.0,0.0,20.0,59.0,147.0,1.0,6.0,116.0,285.0,176.0,0.0,336.0,425.0,214.0,22.0,234.0,95.0,0.0,0.0,1,2779,46.32,5.0,2.0,2.0,129.0,0.0,0.0,0.0,0.0,0.0,0.0,0.0,0.0,3,2,55,4.0,60
Defender,0,0.0,0.0,0.0,0.0,0.0,0.0,0.0,0.0,0.0,23.0,89.0,71.0,3.0,0.0,62.0,251.0,128.0,2.0,504.0,160.0,116.0,7.0,68.0,50.0,3.0,2.0,0,3617,45.78,2.0,0.0,7.0,545.0,0.0,0.0,0.0,0.0,0.0,0.0,0.0,0.0,10,0,28,0.0,79
Defender,3,0.0,3.0,0.0,0.0,0.0,0.0,0.0,1.0,0.0,14.0,74.0,170.0,0.0,18.0,113.0,82.0,35.0,0.0,329.0,367.0,382.0,62.0,74.0,102.0,0.0,2.0,3,2162,31.79,3.0,100.0,2.0,53.0,0.0,0.0,0.0,0.0,0.0,0.0,0.0,0.0,10,0,57,7.0,68
Defender,0,0.0,0.0,0.0,0.0,0.0,0.0,0.0,0.0,0.0,2.0,18.0,40.0,0.0,2.0,26.0,31.0,14.0,0.0,102.0,107.0,116.0,35.0,16.0,28.0,0.0,0.0,0,556,16.35,3.0,83.0,1.0,14.0,0.0,0.0,0.0,0.0,0.0,0.0,0.0,0.0,2,0,19,1.0,34
Midfielder,6,0.0,6.0,0.0,2.0,2.0,137.0,26.0,2.0,0.0,0.0,0.0,139.0,0.0,55.0,131.0,77.0,30.0,0.0,601.0,263.0,290.0,33.0,60.0,62.0,0.0,0.0,5,4024,53.65,7.0,61.0,19.0,440.0,0.0,0.0,0.0,0.0,0.0,0.0,0.0,0.0,17,0,66,0.0,75
Midfielder,1,1.0,0.0,0.0,0.0,0.0,12.0,3.0,0.0,0.0,0.0,0.0,7.0,0.0,4.0,2.0,1.0,0.0,0.0,17.0,28.0,30.0,10.0,0.0,11.0,0.0,0.0,2,143,13.0,4.0,9.0,2.0,6.0,0.0,0.0,0.0,0.0,0.0,0.0,0.0,0.0,0,0,6,3.0,11
Midfielder,5,3.0,1.0,1.0,0.0,0.0,38.0,15.0,1.0,6.0,0.0,0.0,97.0,0.0,6.0,87.0,187.0,101.0,0.0,276.0,326.0,225.0,13.0,186.0,106.0,0.0,0.0,1,2453,45.43,4.0,18.0,1.0,208.0,0.0,0.0,0.0,0.0,0.0,0.0,0.0,0.0,17,1,72,2.0,54
Midfielder,2,0.0,1.0,1.0,0.0,1.0,40.0,9.0,1.0,0.0,0.0,0.0,210.0,0.0,10.0,91.0,59.0,20.0,0.0,530.0,340.0,405.0,28.0,43.0,70.0,0.0,0.0,14,3778,48.44,16.0,422.0,10.0,281.0,0.0,0.0,0.0,0.0,0.0,0.0,0.0,0.0,11,0,95,3.0,78
Midfielder,6,1.0,3.0,2.0,0.0,0.0,37.0,15.0,2.0,8.0,0.0,0.0,124.0,0.0,6.0,61.0,92.0,61.0,0.0,246.0,328.0,271.0,28.0,158.0,138.0,0.0,1.0,0,1966,33.32,2.0,16.0,0.0,81.0,0.0,0.0,0.0,0.0,0.0,0.0,0.0,0.0,6,0,43,1.0,59
Forward,3,0.0,1.0,2.0,0.0,0.0,19.0,6.0,0.0,3.0,0.0,0.0,11.0,0.0,7.0,9.0,3.0,0.0,0.0,0.0,0.0,0.0,0.0,0.0,0.0,0.0,0.0,4,399,12.87,5.0,52.0,0.0,0.0,0.0,0.0,0.0,0.0,0.0,0.0,0.0,0.0,3,0,16,5.0,31
Forward,32,9.0,19.0,4.0,6.0,0.0,237.0,82.0,7.0,20.0,0.0,0.0,51.0,0.0,53.0,43.0,75.0,57.0,0.0,0.0,0.0,0.0,0.0,0.0,0.0,0.0,0.0,13,2108,27.03,26.0,57.0,0.0,0.0,0.0,0.0,0.0,0.0,0.0,0.0,0.0,0.0,7,0,81,52.0,78
Forward,5,0.0,5.0,0.0,0.0,0.0,78.0,21.0,2.0,6.0,0.0,0.0,86.0,0.0,26.0,27.0,26.0,13.0,0.0,0.0,0.0,0.0,0.0,0.0,0.0,0.0,0.0,12,1434,13.66,13.0,327.0,0.0,0.0,0.0,0.0,0.0,0.0,0.0,0.0,0.0,0.0,4,0,80,13.0,105
